action_type,binding_site_comment,direct_interaction,disease_efficacy,max_phase,mec_id,mechanism_comment,mechanism_of_action,mechanism_refs,molecular_mechanism,molecule_chembl_id,parent_molecule_chembl_id,record_id,selectivity_comment,site_id,target_chembl_id,variant_sequence,gene_symbol
OPENER,,1,1,4,360,,"Potassium channel, inwardly rectifying, subfamily J, member 11 opener","[{'ref_id': 'setid=b16c7832-2fd9-49af-b923-1dc0d91fd6e2#nlm34090-1', 'ref_type': 'DailyMed', 'ref_url': 'http://dailymed.nlm.nih.gov/dailymed/lookup.cfm?setid=b16c7832-2fd9-49af-b923-1dc0d91fd6e2#nlm34090-1'}, {'ref_id': '0443-059748 PP. 288, 394', 'ref_type': 'ISBN', 'ref_url': 'http://www.isbnsearch.org/isbn/0443059748'}, {'ref_id': 'Diazoxide', 'ref_type': 'Wikipedia', 'ref_url': 'http://en.wikipedia.org/wiki/Diazoxide'}]",1,CHEMBL181,CHEMBL181,1344985,,,CHEMBL1886,,KCNJ11
ACTIVATOR,,1,1,2,7897,,Hexokinase type IV activator,"[{'ref_id': 'https://openinnovation.astrazeneca.com/azd1656.html', 'ref_type': 'Other', 'ref_url': 'https://openinnovation.astrazeneca.com/azd1656.html'}, {'ref_id': '22943931', 'ref_type': 'PubMed', 'ref_url': 'http://europepmc.org/abstract/MED/22943931'}]",1,CHEMBL3219124,CHEMBL3219124,3132460,,,CHEMBL3820,,GCK
ACTIVATOR,,1,1,3,8424,,Hexokinase type IV activator,"[{'ref_id': '29626326', 'ref_type': 'PubMed', 'ref_url': 'http://europepmc.org/abstract/MED/29626326'}, {'ref_id': '29707866', 'ref_type': 'PubMed', 'ref_url': 'http://europepmc.org/abstract/MED/29707866'}]",1,CHEMBL4297508,CHEMBL4297508,3133081,,,CHEMBL3820,,GCK
ACTIVATOR,,1,1,2,8819,Partial activator,Hexokinase type IV activator,"[{'ref_id': '27870481', 'ref_type': 'PubMed', 'ref_url': 'https://pubmed.ncbi.nlm.nih.gov/27870481/'}]",1,CHEMBL2165615,CHEMBL2165615,3132561,,,CHEMBL3820,,GCK
ACTIVATOR,,1,1,2,8860,,Hexokinase type IV activator,"[{'ref_id': '24858947', 'ref_type': 'PubMed', 'ref_url': 'https://pubmed.ncbi.nlm.nih.gov/24858947/'}]",1,CHEMBL2165620,CHEMBL2165620,3132423,,,CHEMBL3820,,GCK
ACTIVATOR,,1,1,2,8951,,Hexokinase type IV activator,"[{'ref_id': '21994424', 'ref_type': 'PubMed', 'ref_url': 'https://pubmed.ncbi.nlm.nih.gov/21994424/'}]",1,CHEMBL4297302,CHEMBL3580737,3132869,,,CHEMBL3820,,GCK
ACTIVATOR,,1,1,2,9361,,Hexokinase type IV activator,"[{'ref_id': '35067153', 'ref_type': 'PubMed', 'ref_url': 'https://pubmed.ncbi.nlm.nih.gov/35067153/'}]",1,CHEMBL4297399,CHEMBL4297399,3132967,,,CHEMBL3820,,GCK
AGONIST,,1,1,4,422,,Peroxisome proliferator-activated receptor gamma agonist,"[{'ref_id': 'setid=d2ddc491-88a9-4063-9150-443b4fa4330c', 'ref_type': 'DailyMed', 'ref_url': 'http://dailymed.nlm.nih.gov/dailymed/lookup.cfm?setid=d2ddc491-88a9-4063-9150-443b4fa4330c'}]",1,CHEMBL1715,CHEMBL595,1343224,,,CHEMBL235,,PPARG
AGONIST,,1,1,4,423,,Peroxisome proliferator-activated receptor gamma agonist,"[{'ref_id': 'setid=28c31e58-0b27-43e2-bae0-9bbb21420e9f', 'ref_type': 'DailyMed', 'ref_url': 'http://dailymed.nlm.nih.gov/dailymed/lookup.cfm?setid=28c31e58-0b27-43e2-bae0-9bbb21420e9f'}]",1,CHEMBL843,CHEMBL121,1343555,Selective,,CHEMBL235,,PPARG
AGONIST,,1,1,4,424,,Peroxisome proliferator-activated receptor gamma agonist,"[{'ref_id': '23388479', 'ref_type': 'PubMed', 'ref_url': 'http://europepmc.org/abstract/MED/23388479'}, {'ref_id': 'Troglitazone', 'ref_type': 'Wikipedia', 'ref_url': 'http://en.wikipedia.org/wiki/Troglitazone'}]",1,CHEMBL408,CHEMBL408,1343693,,,CHEMBL235,,PPARG
AGONIST,,1,1,4,425,,Peroxisome proliferator-activated receptor gamma agonist,"[{'ref_id': '18077625', 'ref_type': 'PubMed', 'ref_url': 'http://europepmc.org/abstract/MED/18077625'}, {'ref_id': '19708827', 'ref_type': 'PubMed', 'ref_url': 'http://europepmc.org/abstract/MED/19708827'}, {'ref_id': '20151072', 'ref_type': 'PubMed', 'ref_url': 'http://europepmc.org/abstract/MED/20151072'}]",1,CHEMBL1200760,CHEMBL1201346,1344418,,,CHEMBL235,,PPARG
AGONIST,,1,1,4,426,,Peroxisome proliferator-activated receptor gamma agonist,"[{'ref_id': '15824083', 'ref_type': 'PubMed', 'ref_url': 'http://europepmc.org/abstract/MED/15824083'}, {'ref_id': '18077625', 'ref_type': 'PubMed', 'ref_url': 'http://europepmc.org/abstract/MED/18077625'}, {'ref_id': '18544567', 'ref_type': 'PubMed', 'ref_url': 'http://europepmc.org/abstract/MED/18544567'}]",1,CHEMBL704,CHEMBL704,1344958,,,CHEMBL235,,PPARG
AGONIST,,1,1,4,427,,Peroxisome proliferator-activated receptor gamma agonist,"[{'ref_id': 'setid=75a96561-6f52-4c11-a105-391fbbfe4827', 'ref_type': 'DailyMed', 'ref_url': 'http://dailymed.nlm.nih.gov/dailymed/lookup.cfm?setid=75a96561-6f52-4c11-a105-391fbbfe4827'}, {'ref_id': '15824083', 'ref_type': 'PubMed', 'ref_url': 'http://europepmc.org/abstract/MED/15824083'}, {'ref_id': '18077625', 'ref_type': 'PubMed', 'ref_url': 'http://europepmc.org/abstract/MED/18077625'}, {'ref_id': '18544567', 'ref_type': 'PubMed', 'ref_url': 'http://europepmc.org/abstract/MED/18544567'}]",1,CHEMBL1201013,CHEMBL425,1343285,,,CHEMBL235,,PPARG
AGONIST,,1,1,1,4077,Development discontinued (http://fr.reuters.com/article/idUKL0461650920080404),Peroxisome proliferator-activated receptor gamma agonist,"[{'ref_id': 'https://ncats.nih.gov/files/AVE0847.pdf', 'ref_type': 'Other', 'ref_url': 'https://ncats.nih.gov/files/AVE0847.pdf'}, {'ref_id': '20932114', 'ref_type': 'PubMed', 'ref_url': 'http://europepmc.org/abstract/MED/20932114'}]",1,CHEMBL3545295,CHEMBL3545295,2473483,,,CHEMBL235,,PPARG
AGONIST,,1,1,2,4081,Ph1b study completed in 2011 (no trial ID). Compound outlicensed to T3D Therapeutics Inc in 2013.,Peroxisome proliferator-activated receptor gamma agonist,"[{'ref_id': 'http://www.darabio.com/media-center/press-releases?detail=134', 'ref_type': 'Other', 'ref_url': 'http://www.darabio.com/media-center/press-releases?detail=134'}, {'ref_id': 'http://www.t3dtherapeutics.com/product-portfolio/', 'ref_type': 'Other', 'ref_url': 'http://www.t3dtherapeutics.com/product-portfolio/'}]",1,CHEMBL3545176,CHEMBL3545176,2473185,,,CHEMBL235,,PPARG
AGONIST,,1,1,1,4083,"According to reports, Ph1 trial was completed but can't find trial ID or any further planned trials. Discontinued",Peroxisome proliferator-activated receptor gamma agonist,"[{'ref_id': '11569941', 'ref_type': 'PubMed', 'ref_url': 'http://europepmc.org/abstract/MED/11569941'}, {'ref_id': '12898466', 'ref_type': 'PubMed', 'ref_url': 'http://europepmc.org/abstract/MED/12898466'}]",1,CHEMBL5314405,CHEMBL5314405,2473333,,,CHEMBL235,,PPARG
MODULATOR,,1,1,2,4588,Drug in Ph1 or 2? Development status unknown.,Peroxisome proliferator-activated receptor gamma modulator,"[{'ref_id': '9830009', 'ref_type': 'PubMed', 'ref_url': 'http://europepmc.org/abstract/MED/9830009'}]",1,CHEMBL93747,CHEMBL93747,1705873,,,CHEMBL235,,PPARG
AGONIST,,1,1,2,4589,"1000-fold less potent at PPARA. Last updated November 2009, discontinued?",Peroxisome proliferator-activated receptor gamma agonist,"[{'ref_id': '11698662', 'ref_type': 'PubMed', 'ref_url': 'http://europepmc.org/abstract/MED/11698662'}]",1,CHEMBL107367,CHEMBL107367,1702920,,,CHEMBL235,,PPARG
AGONIST,,1,1,2,4591,"Development stopped (PMID:20932114). There are reports of adverse events associated with PPARalfa/gamma dual agonist, for example weight gain, increased risk of bladder cancer and hyperplasia.",Peroxisome proliferator-activated receptor gamma agonist,"[{'ref_id': 'D08949', 'ref_type': 'KEGG', 'ref_url': None}, {'ref_id': '18474944', 'ref_type': 'PubMed', 'ref_url': 'http://europepmc.org/abstract/MED/18474944'}, {'ref_id': '24524207', 'ref_type': 'PubMed', 'ref_url': 'http://europepmc.org/abstract/MED/24524207'}]",1,CHEMBL181954,CHEMBL181954,1701418,,,CHEMBL235,,PPARG
AGONIST,,1,1,2,4593,,Peroxisome proliferator-activated receptor gamma agonist,"[{'ref_id': 'http://www.omeros.com/pipeline/pipeline.htm', 'ref_type': 'Other', 'ref_url': 'http://www.omeros.com/pipeline/pipeline.htm'}]",1,CHEMBL5095027,CHEMBL5095027,2473454,,,CHEMBL235,,PPARG
MODULATOR,,1,1,2,4594,"Ph2 study terminated, compound development discontinued. Selective PPAR gamma modulator (SPPAR?M)",Peroxisome proliferator-activated receptor gamma modulator,"[{'ref_id': '19507861', 'ref_type': 'PubMed', 'ref_url': 'http://europepmc.org/abstract/MED/19507861'}]",1,CHEMBL490029,CHEMBL490029,2473584,,,CHEMBL235,,PPARG
MODULATOR,,1,1,2,4595,Selective PPAR gamma modulator (SPPAR?M),Peroxisome proliferator-activated receptor gamma modulator,[],1,CHEMBL3545020,CHEMBL3545020,2472874,,,CHEMBL235,,PPARG
MODULATOR,,1,1,2,4596,Selective PPAR gamma modulator (SPPAR?M),Peroxisome proliferator-activated receptor gamma modulator,"[{'ref_id': 'http://www.intekrin.com/int131.html', 'ref_type': 'Other', 'ref_url': 'http://www.intekrin.com/int131.html'}, {'ref_id': '19452630', 'ref_type': 'PubMed', 'ref_url': 'http://europepmc.org/abstract/MED/19452630'}, {'ref_id': '23294830', 'ref_type': 'PubMed', 'ref_url': 'http://europepmc.org/abstract/MED/23294830'}]",1,CHEMBL1236924,CHEMBL1236924,2473142,,,CHEMBL235,,PPARG
MODULATOR,,1,1,2,4597,Selective PPAR gamma modulator (SPPAR?M) properties. Discontinued no advantage was demonstrated in clinical trials compared existing peroxisome proliferator activated receptor (PPAR) agonists,Peroxisome proliferator-activated receptor gamma modulator,"[{'ref_id': '16125538', 'ref_type': 'PubMed', 'ref_url': 'http://europepmc.org/abstract/MED/16125538'}, {'ref_id': '16314690', 'ref_type': 'PubMed', 'ref_url': 'http://europepmc.org/abstract/MED/16314690'}]",1,CHEMBL3545278,CHEMBL3545278,2473455,,,CHEMBL235,,PPARG
AGONIST,,1,1,2,4598,"Daichii Sankyo has suspended inhouse development in jan 2013, supports external development of the compound.",Peroxisome proliferator-activated receptor gamma agonist,"[{'ref_id': 'http://chem.sis.nlm.nih.gov/chemidplus/rn/223132-38-5', 'ref_type': 'Other', 'ref_url': 'http://chem.sis.nlm.nih.gov/chemidplus/rn/223132-38-5'}, {'ref_id': 'http://www.daiichisankyo.com/media_investors/investor_relations/ir_calendar/files/005203/Reference%20Data.pdf', 'ref_type': 'Other', 'ref_url': 'http://www.daiichisankyo.com/media_investors/investor_relations/ir_calendar/files/005203/Reference%20Data.pdf'}, {'ref_id': '18511262', 'ref_type': 'PubMed', 'ref_url': 'http://europepmc.org/abstract/MED/18511262'}]",1,CHEMBL3545279,CHEMBL3545280,2473456,,,CHEMBL235,,PPARG
MODULATOR,,1,1,2,4599,"Selective PPAR gamma modulator (SPPAR?M), SLC22A12 inhibitor",Peroxisome proliferator-activated receptor gamma modulator,"[{'ref_id': '22404217', 'ref_type': 'PubMed', 'ref_url': 'http://europepmc.org/abstract/MED/22404217'}]",1,CHEMBL2103824,CHEMBL2103824,1699797,,,CHEMBL235,,PPARG
AGONIST,,1,1,2,5077,,Peroxisome proliferator-activated receptor gamma agonist,"[{'ref_id': '10.1155/2008/827096', 'ref_type': 'DOI', 'ref_url': 'http://www.hindawi.com/journals/ppar/2008/827096/'}, {'ref_id': 'Etalocib', 'ref_type': 'Wikipedia', 'ref_url': 'http://en.wikipedia.org/wiki/Etalocib'}]",1,CHEMBL329123,CHEMBL329123,1701406,,,CHEMBL235,,PPARG
AGONIST,,1,1,3,5226,Development discontinued after Ph3 in 2005 due to abnormalities in liver enzyme tests (http://www.firstwordpharma.com/node/218757#axzz3OLRFCbFS3).,Peroxisome proliferator-activated receptor gamma agonist,"[{'ref_id': '15219816', 'ref_type': 'PubMed', 'ref_url': 'http://europepmc.org/abstract/MED/15219816'}, {'ref_id': '17884441', 'ref_type': 'PubMed', 'ref_url': 'http://europepmc.org/abstract/MED/17884441'}, {'ref_id': '23721199', 'ref_type': 'PubMed', 'ref_url': 'http://europepmc.org/abstract/MED/23721199'}]",1,CHEMBL592054,CHEMBL592054,2473520,,,CHEMBL235,,PPARG
AGONIST,,1,1,3,5228,Development stopped due to safety concerns and lack of efficacy (http://www.roche.com/media/media_releases/med-cor-2013-07-10.htm),Peroxisome proliferator-activated receptor gamma agonist,"[{'ref_id': '1438286', 'ref_type': 'PubMed', 'ref_url': 'http://europepmc.org/abstract/MED/1438286'}, {'ref_id': 'Aleglitazar', 'ref_type': 'Wikipedia', 'ref_url': 'http://en.wikipedia.org/wiki/Aleglitazar'}]",1,CHEMBL519504,CHEMBL519504,1699743,,,CHEMBL235,,PPARG
AGONIST,,1,1,3,5230,Discontinueddue to safety concerns,Peroxisome proliferator-activated receptor gamma agonist,"[{'ref_id': '23594962', 'ref_type': 'PubMed', 'ref_url': 'http://europepmc.org/abstract/MED/23594962'}, {'ref_id': '23721199', 'ref_type': 'PubMed', 'ref_url': 'http://europepmc.org/abstract/MED/23721199'}, {'ref_id': 'Muraglitazar', 'ref_type': 'Wikipedia', 'ref_url': 'http://en.wikipedia.org/wiki/Muraglitazar'}]",1,CHEMBL186179,CHEMBL186179,1705437,,,CHEMBL235,,PPARG
AGONIST,,1,1,3,5232,"All Ph3 trials terminated, discontinued due to safety concerns (http://en.wikipedia.org/wiki/Tesaglitazar)",Peroxisome proliferator-activated receptor gamma agonist,"[{'ref_id': '15059948', 'ref_type': 'PubMed', 'ref_url': 'http://europepmc.org/abstract/MED/15059948'}, {'ref_id': '16628256', 'ref_type': 'PubMed', 'ref_url': 'http://europepmc.org/abstract/MED/16628256'}, {'ref_id': 'Tesaglitazar', 'ref_type': 'Wikipedia', 'ref_url': 'http://en.wikipedia.org/wiki/Tesaglitazar'}]",1,CHEMBL282686,CHEMBL282686,1706224,,,CHEMBL235,,PPARG
PARTIAL AGONIST,,1,1,3,5233,Discontinueddue to safety concerns,Peroxisome proliferator-activated receptor gamma partial agonist,"[{'ref_id': '22404217', 'ref_type': 'PubMed', 'ref_url': 'http://europepmc.org/abstract/MED/22404217'}]",1,CHEMBL2103991,CHEMBL2103991,2472764,,,CHEMBL235,,PPARG
AGONIST,,1,1,3,5234,"Development discontinued in 2009, not sufficiently differentiate from existing product",Peroxisome proliferator-activated receptor gamma agonist,"[{'ref_id': 'http://www.daiichisankyo.com/media_investors/investor_relations/ir_calendar/files/005139/imm2009_07_31_22_01.pdf', 'ref_type': 'Other', 'ref_url': 'http://www.daiichisankyo.com/media_investors/investor_relations/ir_calendar/files/005139/imm2009_07_31_22_01.pdf'}, {'ref_id': '21492364', 'ref_type': 'PubMed', 'ref_url': 'http://europepmc.org/abstract/MED/21492364'}, {'ref_id': '23686684', 'ref_type': 'PubMed', 'ref_url': 'http://europepmc.org/abstract/MED/23686684'}, {'ref_id': 'Rivoglitazone', 'ref_type': 'Wikipedia', 'ref_url': 'http://en.wikipedia.org/wiki/Rivoglitazone'}]",1,CHEMBL2104753,CHEMBL2104753,1701182,,,CHEMBL235,,PPARG
ANTAGONIST,,1,1,3,5235,"Ph3 study terminated, safety and efficacy to be re-evaluated in new Ph2 study in 2014/2015. Activates KEAP1-Nrf2 pathway (http://en.wikipedia.org/wiki/Bardoxolone_methyl, http://www.kyowa-kirin.com/news_releases/2014/e20140702_01.html)",Peroxisome proliferator-activated receptor gamma antagonist,"[{'ref_id': '11043571', 'ref_type': 'PubMed', 'ref_url': 'http://europepmc.org/abstract/MED/11043571'}, {'ref_id': '3542979', 'ref_type': 'PubMed', 'ref_url': 'http://europepmc.org/abstract/MED/3542979'}]",1,CHEMBL1762621,CHEMBL1762621,1702475,,,CHEMBL235,,PPARG
AGONIST,,1,1,3,8063,,Peroxisome proliferator-activated receptor gamma agonist,"[{'ref_id': '15120604', 'ref_type': 'PubMed', 'ref_url': 'http://europepmc.org/abstract/MED/15120604'}]",1,CHEMBL4297404,CHEMBL4297404,3132972,,,CHEMBL235,,PPARG
AGONIST,,1,1,3,8120,,Peroxisome proliferator-activated receptor gamma agonist,"[{'ref_id': '25926748', 'ref_type': 'PubMed', 'ref_url': 'http://europepmc.org/abstract/MED/25926748'}, {'ref_id': '26171220', 'ref_type': 'PubMed', 'ref_url': 'http://europepmc.org/abstract/MED/26171220'}, {'ref_id': '33273703', 'ref_type': 'PubMed', 'ref_url': 'http://europepmc.org/abstract/MED/33273703'}]",1,CHEMBL4297530,CHEMBL4297530,3133108,,,CHEMBL235,,PPARG
AGONIST,,1,1,3,8945,,Peroxisome proliferator-activated receptor gamma agonist,"[{'ref_id': '34078742', 'ref_type': 'PubMed', 'ref_url': 'https://pubmed.ncbi.nlm.nih.gov/34078742/'}]",1,CHEMBL1267,CHEMBL1267,3132704,,,CHEMBL235,,PPARG
AGONIST,,1,1,4,9861,,Peroxisome proliferator-activated receptor gamma agonist,"[{'ref_id': '14642684', 'ref_type': 'PubMed', 'ref_url': 'https://pubmed.ncbi.nlm.nih.gov/14642684/'}]",1,CHEMBL121,CHEMBL121,2794668,,,CHEMBL235,,PPARG
AGONIST,,1,1,4,531,,Insulin receptor agonist,"[{'ref_id': 'label/2015/022472s006s008lbl.pdf', 'ref_type': 'FDA', 'ref_url': 'http://www.accessdata.fda.gov/drugsatfda_docs/label/2015/022472s006s008lbl.pdf'}]",1,CHEMBL1201540,CHEMBL1201540,3130887,,,CHEMBL1981,,INSR
AGONIST,,1,1,4,532,,Insulin receptor agonist,"[{'ref_id': 'label/2015/022472s006s008lbl.pdf', 'ref_type': 'FDA', 'ref_url': 'http://www.accessdata.fda.gov/drugsatfda_docs/label/2015/022472s006s008lbl.pdf'}]",1,CHEMBL1201629,CHEMBL1201629,2793535,,,CHEMBL1981,,INSR
AGONIST,,1,1,4,533,,Insulin receptor agonist,"[{'ref_id': 'label/2015/022472s006s008lbl.pdf', 'ref_type': 'FDA', 'ref_url': 'http://www.accessdata.fda.gov/drugsatfda_docs/label/2015/022472s006s008lbl.pdf'}]",1,CHEMBL1201644,CHEMBL1201644,3130889,,,CHEMBL1981,,INSR
AGONIST,,1,1,4,537,,Insulin receptor agonist,"[{'ref_id': 'setid=457531f0-9331-47fe-90b5-b31f284044dc', 'ref_type': 'DailyMed', 'ref_url': 'http://dailymed.nlm.nih.gov/dailymed/lookup.cfm?setid=457531f0-9331-47fe-90b5-b31f284044dc'}]",1,CHEMBL1201631,CHEMBL1201631,1696747,,,CHEMBL1981,,INSR
AGONIST,,1,1,4,542,,Insulin receptor agonist,"[{'ref_id': 'label/2015/022472s006s008lbl.pdf', 'ref_type': 'FDA', 'ref_url': 'http://www.accessdata.fda.gov/drugsatfda_docs/label/2015/022472s006s008lbl.pdf'}]",1,CHEMBL1201630,CHEMBL1201630,2792870,,,CHEMBL1981,,INSR
AGONIST,,1,1,4,543,,Insulin receptor agonist,"[{'ref_id': 'label/2015/022472s006s008lbl.pdf', 'ref_type': 'FDA', 'ref_url': 'http://www.accessdata.fda.gov/drugsatfda_docs/label/2015/022472s006s008lbl.pdf'}]",1,CHEMBL1201545,CHEMBL1201545,3130924,,,CHEMBL1981,,INSR
AGONIST,,1,1,4,545,,Insulin receptor agonist,"[{'ref_id': 'setid=c8ecbd7a-0e22-4fc7-a503-faa58c1b6f3f', 'ref_type': 'DailyMed', 'ref_url': 'http://dailymed.nlm.nih.gov/dailymed/lookup.cfm?setid=c8ecbd7a-0e22-4fc7-a503-faa58c1b6f3f'}]",1,CHEMBL1201611,CHEMBL1201611,3131752,,,CHEMBL1981,,INSR
AGONIST,,1,1,4,547,,Insulin receptor agonist,"[{'ref_id': 'setid=c8ecbd7a-0e22-4fc7-a503-faa58c1b6f3f', 'ref_type': 'DailyMed', 'ref_url': 'http://dailymed.nlm.nih.gov/dailymed/lookup.cfm?setid=c8ecbd7a-0e22-4fc7-a503-faa58c1b6f3f'}]",1,CHEMBL1201538,CHEMBL1201538,1696740,,,CHEMBL1981,,INSR
AGONIST,,1,1,4,548,,Insulin receptor agonist,"[{'ref_id': 'setid=e7af6a7a-8046-4fb4-9979-4ec4230b23aa', 'ref_type': 'DailyMed', 'ref_url': 'http://dailymed.nlm.nih.gov/dailymed/lookup.cfm?setid=e7af6a7a-8046-4fb4-9979-4ec4230b23aa'}]",1,CHEMBL1201613,CHEMBL1201613,1696819,,,CHEMBL1981,,INSR
AGONIST,,1,1,4,550,,Insulin receptor agonist,"[{'ref_id': 'setid=b861fdd9-e134-436e-8c0c-a60dd0006dd3', 'ref_type': 'DailyMed', 'ref_url': 'http://dailymed.nlm.nih.gov/dailymed/lookup.cfm?setid=b861fdd9-e134-436e-8c0c-a60dd0006dd3'}]",1,CHEMBL1201497,CHEMBL1201497,1696744,,,CHEMBL1981,,INSR
AGONIST,,1,1,4,551,,Insulin receptor agonist,"[{'ref_id': 'label/2015/022472s006s008lbl.pdf', 'ref_type': 'FDA', 'ref_url': 'http://www.accessdata.fda.gov/drugsatfda_docs/label/2015/022472s006s008lbl.pdf'}]",1,CHEMBL1201539,CHEMBL1201539,3130922,,,CHEMBL1981,,INSR
AGONIST,,1,1,4,556,,Insulin receptor agonist,"[{'ref_id': 'label/2015/022472s006s008lbl.pdf', 'ref_type': 'FDA', 'ref_url': 'http://www.accessdata.fda.gov/drugsatfda_docs/label/2015/022472s006s008lbl.pdf'}]",1,CHEMBL1201627,CHEMBL1201627,3130888,,,CHEMBL1981,,INSR
AGONIST,,1,1,4,559,,Insulin receptor agonist,"[{'ref_id': 'setid=3a1e73a2-3009-40d0-876c-b4cb2be56fc5', 'ref_type': 'DailyMed', 'ref_url': 'http://dailymed.nlm.nih.gov/dailymed/lookup.cfm?setid=3a1e73a2-3009-40d0-876c-b4cb2be56fc5'}]",1,CHEMBL1201496,CHEMBL1201496,1697254,,,CHEMBL1981,,INSR
AGONIST,,1,1,4,560,,Insulin receptor agonist,"[{'ref_id': 'setid=3a1e73a2-3009-40d0-876c-b4cb2be56fc5', 'ref_type': 'DailyMed', 'ref_url': 'http://dailymed.nlm.nih.gov/dailymed/lookup.cfm?setid=3a1e73a2-3009-40d0-876c-b4cb2be56fc5'}]",1,CHEMBL1201664,CHEMBL1201664,3130921,,,CHEMBL1981,,INSR
AGONIST,,1,1,4,561,,Insulin receptor agonist,"[{'ref_id': 'setid=2b8d9730-686b-444b-9941-7b5877255924', 'ref_type': 'DailyMed', 'ref_url': 'http://dailymed.nlm.nih.gov/dailymed/lookup.cfm?setid=2b8d9730-686b-444b-9941-7b5877255924'}]",1,CHEMBL2104391,CHEMBL2104391,1700814,,,CHEMBL1981,,INSR
AGONIST,,1,1,4,2409,,Insulin receptor agonist,"[{'ref_id': 'setid=456c5e87-3dfd-46fa-8ac0-c6128d4c97c6', 'ref_type': 'DailyMed', 'ref_url': 'http://dailymed.nlm.nih.gov/dailymed/drugInfo.cfm?setid=456c5e87-3dfd-46fa-8ac0-c6128d4c97c6'}]",1,CHEMBL2107869,CHEMBL2107869,1695958,,,CHEMBL1981,,INSR
INHIBITOR,,1,1,2,4675,,Insulin receptor inhibitor,"[{'ref_id': '19996272', 'ref_type': 'PubMed', 'ref_url': 'http://europepmc.org/abstract/MED/19996272'}, {'ref_id': '21875414', 'ref_type': 'PubMed', 'ref_url': 'http://europepmc.org/abstract/MED/21875414'}]",1,CHEMBL575448,CHEMBL575448,2473713,,,CHEMBL1981,,INSR
INHIBITOR,,1,1,2,4750,,Insulin receptor inhibitor,"[{'ref_id': '10.1158/1538-7445.AM2013-920', 'ref_type': 'DOI', 'ref_url': 'http://cancerres.aacrjournals.org/content/73/8_Supplement/920'}]",1,CHEMBL5283463,CHEMBL5315324,2473153,,,CHEMBL1981,,INSR
INHIBITOR,,1,1,3,5310,,Insulin receptor inhibitor,"[{'ref_id': '17671083', 'ref_type': 'PubMed', 'ref_url': 'http://europepmc.org/abstract/MED/17671083'}, {'ref_id': '21425998', 'ref_type': 'PubMed', 'ref_url': 'http://europepmc.org/abstract/MED/21425998'}, {'ref_id': '25208878', 'ref_type': 'PubMed', 'ref_url': 'http://europepmc.org/abstract/MED/25208878'}]",1,CHEMBL1091644,CHEMBL1091644,1702601,,,CHEMBL1981,,INSR
AGONIST,,1,1,3,5566,,Insulin receptor agonist,"[{'ref_id': '26988411', 'ref_type': 'PubMed', 'ref_url': 'http://europepmc.org/abstract/MED/26988411'}, {'ref_id': '27723227', 'ref_type': 'PubMed', 'ref_url': 'http://europepmc.org/abstract/MED/27723227'}]",1,CHEMBL2108569,CHEMBL2108569,1697417,,,CHEMBL1981,,INSR
AGONIST,,1,1,2,9132,,Insulin receptor agonist,"[{'ref_id': '31436533', 'ref_type': 'PubMed', 'ref_url': 'https://pubmed.ncbi.nlm.nih.gov/31436533/'}]",1,CHEMBL2108493,CHEMBL2108493,1696356,,,CHEMBL1981,,INSR
AGONIST,,1,1,2,9133,,Insulin receptor agonist,"[{'ref_id': '31436533', 'ref_type': 'PubMed', 'ref_url': 'https://pubmed.ncbi.nlm.nih.gov/31436533/'}]",1,CHEMBL2108968,CHEMBL2108968,1696743,,,CHEMBL1981,,INSR
AGONIST,,1,1,2,9204,,Insulin receptor agonist,"[{'ref_id': '31436533', 'ref_type': 'PubMed', 'ref_url': 'https://pubmed.ncbi.nlm.nih.gov/31436533/'}]",1,CHEMBL2108305,CHEMBL2108305,3129591,,,CHEMBL1981,,INSR
AGONIST,,1,1,3,9205,,Insulin receptor agonist,"[{'ref_id': '31436533', 'ref_type': 'PubMed', 'ref_url': 'https://pubmed.ncbi.nlm.nih.gov/31436533/'}]",1,CHEMBL2108964,CHEMBL2108964,1696739,,,CHEMBL1981,,INSR
AGONIST,,1,1,4,9206,,Insulin receptor agonist,"[{'ref_id': '31436533', 'ref_type': 'PubMed', 'ref_url': 'https://pubmed.ncbi.nlm.nih.gov/31436533/'}]",1,CHEMBL2109046,CHEMBL2109046,1696821,,,CHEMBL1981,,INSR
AGONIST,,1,1,4,9359,,Insulin receptor agonist,"[{'ref_id': '31436533', 'ref_type': 'PubMed', 'ref_url': 'https://pubmed.ncbi.nlm.nih.gov/31436533/'}]",1,CHEMBL2108973,CHEMBL2108973,1696748,,,CHEMBL1981,,INSR
AGONIST,,1,1,2,9360,,Insulin receptor agonist,"[{'ref_id': '31436533', 'ref_type': 'PubMed', 'ref_url': 'https://pubmed.ncbi.nlm.nih.gov/31436533/'}]",1,CHEMBL2108492,CHEMBL2108492,1696355,,,CHEMBL1981,,INSR
AGONIST,,1,1,4,9863,,Insulin receptor agonist,"[{'ref_id': 'https://www.ema.europa.eu/en/medicines/human/EPAR/insulin-human-winthrop', 'ref_type': 'EMA', 'ref_url': 'https://www.ema.europa.eu/en/medicines/human/EPAR/insulin-human-winthrop'}]",1,CHEMBL2108966,CHEMBL2108966,1696741,,,CHEMBL1981,,INSR
AGONIST,,1,1,4,9976,,Insulin receptor agonist,"[{'ref_id': 'https://www.ema.europa.eu/en/medicines/human/EPAR/ultratard', 'ref_type': 'EMA', 'ref_url': 'https://www.ema.europa.eu/en/medicines/human/EPAR/ultratard'}]",1,CHEMBL2108974,CHEMBL2108974,1696749,,,CHEMBL1981,,INSR
AGONIST,,1,1,4,9977,,Insulin receptor agonist,"[{'ref_id': 'https://www.ema.europa.eu/en/medicines/human/EPAR/awiqli', 'ref_type': 'EMA', 'ref_url': 'https://www.ema.europa.eu/en/medicines/human/EPAR/awiqli'}]",1,CHEMBL4594581,CHEMBL4594581,3461252,,,CHEMBL1981,,INSR
ACTIVATOR,,1,1,2,6880,"Alverine has been shown to bind to 5-HT1A receptors thereby acting as an antagonist that reduces the visceral pronociceptive effect of 5-HT. Alverine acts directly on the muscle in the gut, causing it to relax. This prevents the muscle spasms which occur in the gut in conditions such as irritable bowel syndrome and diverticular disease. It has also been reported that Alverine acts as HNF4α activator.",Hepatocyte nuclear factor 4-alpha activator,"[{'ref_id': '11697552', 'ref_type': 'PubMed', 'ref_url': 'http://europepmc.org/abstract/MED/11697552'}, {'ref_id': '17934514', 'ref_type': 'PubMed', 'ref_url': 'http://europepmc.org/abstract/MED/17934514'}, {'ref_id': '20003095', 'ref_type': 'PubMed', 'ref_url': 'http://europepmc.org/abstract/MED/20003095'}, {'ref_id': '23488786', 'ref_type': 'PubMed', 'ref_url': 'http://europepmc.org/abstract/MED/23488786'}, {'ref_id': '23675775', 'ref_type': 'PubMed', 'ref_url': 'http://europepmc.org/abstract/MED/23675775'}, {'ref_id': '24147869', 'ref_type': 'PubMed', 'ref_url': 'http://europepmc.org/abstract/MED/24147869'}, {'ref_id': '25199966', 'ref_type': 'PubMed', 'ref_url': 'http://europepmc.org/abstract/MED/25199966'}]",1,CHEMBL253371,CHEMBL253371,2792306,,,CHEMBL5398,,HNF4A
AGONIST,,1,1,4,59,,Glucagon-like peptide 1 receptor agonist,"[{'ref_id': 'setid=5a9ef4ea-c76a-4d34-a604-27c5b505f5a4', 'ref_type': 'DailyMed', 'ref_url': 'http://dailymed.nlm.nih.gov/dailymed/lookup.cfm?setid=5a9ef4ea-c76a-4d34-a604-27c5b505f5a4'}]",1,CHEMBL4084119,CHEMBL4084119,1343494,,,CHEMBL1784,,GLP1R
AGONIST,,1,1,4,60,,Glucagon-like peptide 1 receptor agonist,"[{'ref_id': 'label/2015/022200s015s016s017s018lbl.pdf', 'ref_type': 'FDA', 'ref_url': 'http://www.accessdata.fda.gov/drugsatfda_docs/label/2015/022200s015s016s017s018lbl.pdf'}]",1,CHEMBL414357,CHEMBL414357,1344847,,,CHEMBL1784,,GLP1R
AGONIST,,1,1,4,2276,,Glucagon-like peptide 1 receptor agonist,"[{'ref_id': 'label/2014/125431s000lbl.pdf', 'ref_type': 'FDA', 'ref_url': 'http://www.accessdata.fda.gov/drugsatfda_docs/label/2014/125431s000lbl.pdf'}]",1,CHEMBL2107841,CHEMBL2107841,1695896,,,CHEMBL1784,,GLP1R
AGONIST,,1,1,4,2308,,Glucagon-like peptide 1 receptor agonist,"[{'ref_id': 'setid=463050bd-2b1c-40f5-b3c3-0a04bb433309', 'ref_type': 'DailyMed', 'ref_url': 'http://dailymed.nlm.nih.gov/dailymed/drugInfo.cfm?setid=463050bd-2b1c-40f5-b3c3-0a04bb433309'}]",1,CHEMBL2108027,CHEMBL2108027,1697108,,,CHEMBL1784,,GLP1R
AGONIST,,1,1,3,5410,"Peptide, GLP-1 analogue. Development stopped due to adverse events.",Glucagon-like peptide 1 receptor agonist,"[{'ref_id': '21114599', 'ref_type': 'PubMed', 'ref_url': 'http://europepmc.org/abstract/MED/21114599'}, {'ref_id': '23139373', 'ref_type': 'PubMed', 'ref_url': 'http://europepmc.org/abstract/MED/23139373'}]",1,CHEMBL2107860,CHEMBL2107860,1695937,,,CHEMBL1784,,GLP1R
AGONIST,,1,1,4,5413,"Peptide, GLP-1 analogue.",Glucagon-like peptide 1 receptor agonist,"[{'ref_id': '22918257', 'ref_type': 'PubMed', 'ref_url': 'http://europepmc.org/abstract/MED/22918257'}, {'ref_id': '24608440', 'ref_type': 'PubMed', 'ref_url': 'http://europepmc.org/abstract/MED/24608440'}]",1,CHEMBL2108724,CHEMBL2108724,1696496,,,CHEMBL1784,,GLP1R
AGONIST,,1,1,4,6157,,Glucagon-like peptide 1 receptor agonist,"[{'ref_id': 'label/2016/208471Orig1s000lbl.pdf', 'ref_type': 'FDA', 'ref_url': 'http://www.accessdata.fda.gov/drugsatfda_docs/label/2016/208471Orig1s000lbl.pdf'}]",1,CHEMBL2108336,CHEMBL2108336,1697370,,,CHEMBL1784,,GLP1R
AGONIST,,1,1,2,7902,,Glucagon-like peptide 1 receptor agonist,"[{'ref_id': 'https://www.biorxiv.org/content/10.1101/2020.09.29.319483v1.full.pdf', 'ref_type': 'Other', 'ref_url': 'https://www.biorxiv.org/content/10.1101/2020.09.29.319483v1.full.pdf'}, {'ref_id': 'https://www.pfizer.com/science/internal-medicine/pipeline', 'ref_type': 'Other', 'ref_url': 'https://www.pfizer.com/science/internal-medicine/pipeline'}, {'ref_id': '33677922', 'ref_type': 'PubMed', 'ref_url': 'http://europepmc.org/abstract/MED/33677922'}]",1,CHEMBL4518483,CHEMBL4518483,3460863,,,CHEMBL1784,,GLP1R
AGONIST,,1,1,2,7999,,Glucagon-like peptide 1 receptor agonist,"[{'ref_id': '27377054', 'ref_type': 'PubMed', 'ref_url': 'http://europepmc.org/abstract/MED/27377054'}, {'ref_id': '29926478', 'ref_type': 'PubMed', 'ref_url': 'http://europepmc.org/abstract/MED/29926478'}, {'ref_id': '31608926', 'ref_type': 'PubMed', 'ref_url': 'http://europepmc.org/abstract/MED/31608926'}]",1,CHEMBL4297630,CHEMBL4297630,3133233,,,CHEMBL1784,,GLP1R
AGONIST,,1,1,2,8367,,Glucagon-like peptide 1 receptor agonist,"[{'ref_id': 'https://www.hanmipharm.com/ehanmi/handler/Rnd-Pipeline', 'ref_type': 'Other', 'ref_url': 'https://www.hanmipharm.com/ehanmi/handler/Rnd-Pipeline'}, {'ref_id': '33475255', 'ref_type': 'PubMed', 'ref_url': 'http://europepmc.org/abstract/MED/33475255'}]",1,CHEMBL4297576,CHEMBL4297576,3133162,,,CHEMBL1784,,GLP1R
ANTAGONIST,,1,1,3,8420,,Glucagon-like peptide 1 receptor antagonist,"[{'ref_id': '32250530', 'ref_type': 'PubMed', 'ref_url': 'http://europepmc.org/abstract/MED/32250530'}, {'ref_id': '9525985', 'ref_type': 'PubMed', 'ref_url': 'http://europepmc.org/abstract/MED/9525985'}]",1,CHEMBL4297949,CHEMBL4297949,3133599,,,CHEMBL1784,,GLP1R
AGONIST,,1,1,3,8655,,Glucagon-like peptide 1 receptor agonist,"[{'ref_id': 'https://diabetes.diabetesjournals.org/content/67/Supplement_1/1097-P', 'ref_type': 'Other', 'ref_url': 'https://diabetes.diabetesjournals.org/content/67/Supplement_1/1097-P'}]",1,CHEMBL4650470,CHEMBL4650470,3490271,,,CHEMBL1784,,GLP1R
AGONIST,,1,1,4,8994,,Glucagon-like peptide 1 receptor agonist,"[{'ref_id': '33325008', 'ref_type': 'PubMed', 'ref_url': 'https://pubmed.ncbi.nlm.nih.gov/33325008/'}]",1,CHEMBL4297839,CHEMBL4297839,3133473,,,CHEMBL1784,,GLP1R
AGONIST,,1,1,2,9125,,Glucagon-like peptide 1 receptor agonist,"[{'ref_id': '34176426', 'ref_type': 'PubMed', 'ref_url': 'https://pubmed.ncbi.nlm.nih.gov/34176426/'}]",1,CHEMBL3990012,CHEMBL3990012,2973370,,,CHEMBL1784,,GLP1R
AGONIST,,1,1,2,9401,,Glucagon-like peptide 1 receptor agonist,"[{'ref_id': '34260042', 'ref_type': 'PubMed', 'ref_url': 'https://pubmed.ncbi.nlm.nih.gov/34260042/'}]",1,CHEMBL4650495,CHEMBL4650495,3490302,,,CHEMBL1784,,GLP1R
AGONIST,,1,1,3,10106,,Glucagon-like peptide 1 receptor agonist,"[{'ref_id': 'https://www.jacc.org/doi/10.1016/j.jchf.2024.09.004', 'ref_type': 'Other', 'ref_url': 'https://www.jacc.org/doi/10.1016/j.jchf.2024.09.004'}]",1,CHEMBL5314776,CHEMBL5314776,3956402,,,CHEMBL1784,,GLP1R
AGONIST,,1,1,3,10107,,Glucagon-like peptide 1 receptor agonist,"[{'ref_id': '38367045', 'ref_type': 'PubMed', 'ref_url': 'https://pubmed.ncbi.nlm.nih.gov/38367045/'}]",1,CHEMBL5095485,CHEMBL5095485,3841983,,,CHEMBL1784,,GLP1R
INHIBITOR,,1,1,1,4157,Allosteric inhibitor.,Serine/threonine-protein kinase AKT2 inhibitor,"[{'ref_id': '10.1158/1538-7445.AM2013-2050', 'ref_type': 'DOI', 'ref_url': 'http://cancerres.aacrjournals.org/content/73/8_Supplement/2050'}, {'ref_id': '10.1158/1538-7445.AM2014-3685', 'ref_type': 'DOI', 'ref_url': 'http://cancerres.aacrjournals.org/content/74/19_Supplement/3685'}]",1,CHEMBL4751394,CHEMBL4751394,2472923,,,CHEMBL2431,,AKT2
INHIBITOR,,1,1,4,2370,,Mitochondrial glycerol-3-phosphate dehydrogenase inhibitor,"[{'ref_id': '24847880', 'ref_type': 'PubMed', 'ref_url': 'http://europepmc.org/abstract/MED/24847880'}]",1,CHEMBL1703,CHEMBL1431,1344532,,,CHEMBL3391681,,GPD2
AGONIST,,1,1,4,8862,,Gastric inhibitory polypeptide receptor agonist,"[{'ref_id': '33325008', 'ref_type': 'PubMed', 'ref_url': 'https://pubmed.ncbi.nlm.nih.gov/33325008/'}]",1,CHEMBL4297839,CHEMBL4297839,3133473,,,CHEMBL4383,,GIPR
AGONIST,,1,1,3,10109,,Gastric inhibitory polypeptide receptor agonist,"[{'ref_id': '38367045', 'ref_type': 'PubMed', 'ref_url': 'https://pubmed.ncbi.nlm.nih.gov/38367045/'}]",1,CHEMBL5095485,CHEMBL5095485,3841983,,,CHEMBL4383,,GIPR
INHIBITOR,,1,1,4,465,,Dipeptidyl peptidase IV inhibitor,"[{'ref_id': 'setid=a3768c7e-aa4c-44d3-bc53-43bb7346c0b0', 'ref_type': 'DailyMed', 'ref_url': 'http://dailymed.nlm.nih.gov/dailymed/lookup.cfm?setid=a3768c7e-aa4c-44d3-bc53-43bb7346c0b0'}]",1,CHEMBL227529,CHEMBL376359,1702472,,,CHEMBL284,,DPP4
INHIBITOR,,1,1,4,466,,Dipeptidyl peptidase IV inhibitor,"[{'ref_id': 'setid=f85a48d0-0407-4c50-b0fa-7673a160bf01', 'ref_type': 'DailyMed', 'ref_url': 'http://dailymed.nlm.nih.gov/dailymed/lookup.cfm?setid=f85a48d0-0407-4c50-b0fa-7673a160bf01'}]",1,CHEMBL1201174,CHEMBL1422,1343735,,,CHEMBL284,,DPP4
INHIBITOR,,1,1,4,467,,Dipeptidyl peptidase IV inhibitor,"[{'ref_id': 'setid=f6dd9b86-0d18-95d4-2bc7-05591bfdd597', 'ref_type': 'DailyMed', 'ref_url': 'http://dailymed.nlm.nih.gov/dailymed/lookup.cfm?setid=f6dd9b86-0d18-95d4-2bc7-05591bfdd597'}]",1,CHEMBL237500,CHEMBL237500,1343280,,,CHEMBL284,,DPP4
INHIBITOR,,1,1,4,468,,Dipeptidyl peptidase IV inhibitor,"[{'ref_id': 'setid=ba48ac4b-9503-4006-f6e2-3b8a83059c03', 'ref_type': 'DailyMed', 'ref_url': 'http://dailymed.nlm.nih.gov/dailymed/lookup.cfm?setid=ba48ac4b-9503-4006-f6e2-3b8a83059c03'}]",1,CHEMBL1201743,CHEMBL385517,1344991,,,CHEMBL284,,DPP4
INHIBITOR,,1,1,4,5599,,Dipeptidyl peptidase IV inhibitor,"[{'ref_id': '21366665', 'ref_type': 'PubMed', 'ref_url': 'http://europepmc.org/abstract/MED/21366665'}]",1,CHEMBL515387,CHEMBL515387,1699807,,,CHEMBL284,,DPP4
INHIBITOR,,1,1,2,5643,,Dipeptidyl peptidase IV inhibitor,"[{'ref_id': '20031405', 'ref_type': 'PubMed', 'ref_url': 'http://europepmc.org/abstract/MED/20031405'}]",1,CHEMBL591118,CHEMBL591118,1702478,,,CHEMBL284,,DPP4
INHIBITOR,,1,1,4,5682,,Dipeptidyl peptidase IV inhibitor,"[{'ref_id': '24622716', 'ref_type': 'PubMed', 'ref_url': 'http://europepmc.org/abstract/MED/24622716'}]",1,CHEMBL2105754,CHEMBL1650443,1702676,,,CHEMBL284,,DPP4
INHIBITOR,,1,1,4,5684,,Dipeptidyl peptidase IV inhibitor,"[{'ref_id': '24660890', 'ref_type': 'PubMed', 'ref_url': 'http://europepmc.org/abstract/MED/24660890'}]",1,CHEMBL2105762,CHEMBL2105762,1702686,,,CHEMBL284,,DPP4
INHIBITOR,,1,1,4,5734,,Dipeptidyl peptidase IV inhibitor,"[{'ref_id': 'http://www.ema.europa.eu/ema/index.jsp?curl=pages/medicines/human/medicines/000771/human_med_000803.jsp&mid=WC0b01ac058001d124', 'ref_type': 'Other', 'ref_url': 'http://www.ema.europa.eu/ema/index.jsp?curl=pages/medicines/human/medicines/000771/human_med_000803.jsp&mid=WC0b01ac058001d124'}, {'ref_id': '15886245', 'ref_type': 'PubMed', 'ref_url': 'http://europepmc.org/abstract/MED/15886245'}]",1,CHEMBL142703,CHEMBL142703,1706031,,,CHEMBL284,,DPP4
INHIBITOR,,1,1,3,5966,Inhibits the activation of T-cells reducing the immune response occurring during steroid resistant aGvHD.,Dipeptidyl peptidase IV inhibitor,"[{'ref_id': 'https://www.karger.com/Article/Pdf/206319', 'ref_type': 'Other', 'ref_url': 'https://www.karger.com/Article/Pdf/206319'}, {'ref_id': 'http://www.ema.europa.eu/docs/en_GB/document_library/Application_withdrawal_assessment_report/human/004144/WC500219766.pdf', 'ref_type': 'Other', 'ref_url': 'http://www.ema.europa.eu/docs/en_GB/document_library/Application_withdrawal_assessment_report/human/004144/WC500219766.pdf'}]",1,CHEMBL3833357,CHEMBL3833357,2793635,,,CHEMBL284,,DPP4
INHIBITOR,,1,1,3,7520,,Dipeptidyl peptidase IV inhibitor,"[{'ref_id': '31912513', 'ref_type': 'PubMed', 'ref_url': 'http://europepmc.org/abstract/MED/31912513'}]",1,CHEMBL4296719,CHEMBL4296719,3129704,,,CHEMBL284,,DPP4
INHIBITOR,,1,1,3,7521,,Dipeptidyl peptidase IV inhibitor,"[{'ref_id': '27298192', 'ref_type': 'PubMed', 'ref_url': 'http://europepmc.org/abstract/MED/27298192'}]",1,CHEMBL3707235,CHEMBL3707235,2795492,,,CHEMBL284,,DPP4
INHIBITOR,,1,1,4,7541,,Dipeptidyl peptidase IV inhibitor,"[{'ref_id': 'https://www.mt-pharma.co.jp/e/release/nr/2017/pdf/e_MTPC170703.pdf', 'ref_type': 'Other', 'ref_url': 'https://www.mt-pharma.co.jp/e/release/nr/2017/pdf/e_MTPC170703.pdf'}, {'ref_id': 'https://www.pmda.go.jp/files/000153594.pdf', 'ref_type': 'Other', 'ref_url': 'https://www.pmda.go.jp/files/000153594.pdf'}, {'ref_id': '23671395', 'ref_type': 'PubMed', 'ref_url': 'http://europepmc.org/abstract/MED/23671395'}]",1,CHEMBL2147777,CHEMBL2147777,3132139,,,CHEMBL284,,DPP4
INHIBITOR,,1,1,4,7548,,Dipeptidyl peptidase IV inhibitor,"[{'ref_id': 'https://www.pmda.go.jp/files/000218646.pdf', 'ref_type': 'Other', 'ref_url': 'https://www.pmda.go.jp/files/000218646.pdf'}, {'ref_id': '27860391', 'ref_type': 'PubMed', 'ref_url': 'http://europepmc.org/abstract/MED/27860391'}]",1,CHEMBL1929396,CHEMBL1929396,3132594,,,CHEMBL284,,DPP4
INHIBITOR,,1,1,4,7601,,Dipeptidyl peptidase IV inhibitor,"[{'ref_id': '22056373', 'ref_type': 'PubMed', 'ref_url': 'http://europepmc.org/abstract/MED/22056373'}, {'ref_id': '26541763', 'ref_type': 'PubMed', 'ref_url': 'http://europepmc.org/abstract/MED/26541763'}]",1,CHEMBL1779710,CHEMBL1779710,3132612,,,CHEMBL284,,DPP4
INHIBITOR,,1,1,2,8022,,Dipeptidyl peptidase IV inhibitor,"[{'ref_id': 'https://www.kyorin-pharm.co.jp/en/news/2006/000364.shtml', 'ref_type': 'Other', 'ref_url': 'https://www.kyorin-pharm.co.jp/en/news/2006/000364.shtml'}]",1,CHEMBL4297624,CHEMBL4297624,3133227,,,CHEMBL284,,DPP4
INHIBITOR,,1,1,3,9457,,Dipeptidyl peptidase IV inhibitor,"[{'ref_id': '33961850', 'ref_type': 'PubMed', 'ref_url': 'https://pubmed.ncbi.nlm.nih.gov/33961850/'}]",1,CHEMBL1082462,CHEMBL1082462,3589784,,,CHEMBL284,,DPP4
INHIBITOR,,1,1,4,9654,,Dipeptidyl peptidase IV inhibitor,"[{'ref_id': 'https://www.ema.europa.eu/en/documents/product-information/sitagliptin-sun-epar-product-information_en.pdf', 'ref_type': 'EMA', 'ref_url': 'https://www.ema.europa.eu/en/documents/product-information/sitagliptin-sun-epar-product-information_en.pdf'}]",1,CHEMBL5315049,CHEMBL1422,3956708,,,CHEMBL284,,DPP4
INHIBITOR,,1,1,4,10022,,Dipeptidyl peptidase IV inhibitor,"[{'ref_id': 'https://www.ema.europa.eu/en/medicines/human/EPAR/sitagliptin-accord', 'ref_type': 'EMA', 'ref_url': 'https://www.ema.europa.eu/en/medicines/human/EPAR/sitagliptin-accord'}]",1,CHEMBL6068334,CHEMBL1422,4658705,,,CHEMBL284,,DPP4
INHIBITOR,,1,1,4,939,,Sodium/glucose cotransporter 2 inhibitor,"[{'ref_id': 'setid=b9057d3b-b104-4f09-8a61-c61ef9d4a3f3#nlm34090-1', 'ref_type': 'DailyMed', 'ref_url': 'http://dailymed.nlm.nih.gov/dailymed/lookup.cfm?setid=b9057d3b-b104-4f09-8a61-c61ef9d4a3f3#nlm34090-1'}]",1,CHEMBL4594217,CHEMBL2048484,1699828,,,CHEMBL3884,,SLC5A2
INHIBITOR,,1,1,4,2291,,Sodium/glucose cotransporter 2 inhibitor,"[{'ref_id': 'label/2014/204629s000lbl.pdf', 'ref_type': 'FDA', 'ref_url': 'http://www.accessdata.fda.gov/drugsatfda_docs/label/2014/204629s000lbl.pdf'}]",1,CHEMBL2107830,CHEMBL2107830,1706461,,,CHEMBL3884,,SLC5A2
INHIBITOR,,1,1,4,2394,,Sodium/glucose cotransporter 2 inhibitor,"[{'ref_id': 'setid=fc6ae30e-868b-4ac9-b69d-900922503998', 'ref_type': 'DailyMed', 'ref_url': 'http://dailymed.nlm.nih.gov/dailymed/lookup.cfm?setid=fc6ae30e-868b-4ac9-b69d-900922503998'}]",1,CHEMBL2103802,CHEMBL429910,1699758,,,CHEMBL3884,,SLC5A2
INHIBITOR,,1,1,2,5652,,Sodium/glucose cotransporter 2 inhibitor,"[{'ref_id': '18583547', 'ref_type': 'PubMed', 'ref_url': 'http://europepmc.org/abstract/MED/18583547'}]",1,CHEMBL2028665,CHEMBL2028665,1702514,,,CHEMBL3884,,SLC5A2
INHIBITOR,,1,1,4,5672,,Sodium/glucose cotransporter 2 inhibitor,"[{'ref_id': '22410641', 'ref_type': 'PubMed', 'ref_url': 'http://europepmc.org/abstract/MED/22410641'}]",1,CHEMBL2105711,CHEMBL2110731,1702608,"SGLT2 selective. IC50 rSGLT2= 14.5nM; mSGLT2= 5.0 nM vs IC50 rSGLT1=8200 nM; IC50 mSGLT1, 1800 nM.",,CHEMBL3884,,SLC5A2
INHIBITOR,,1,1,4,5683,,Sodium/glucose cotransporter 2 inhibitor,"[{'ref_id': '21690265', 'ref_type': 'PubMed', 'ref_url': 'http://europepmc.org/abstract/MED/21690265'}]",1,CHEMBL1770248,CHEMBL1770248,1702683,It shows >2000-fold selectivity for SGLT2 inhibition (relative to SGLT1) in vitro,,CHEMBL3884,,SLC5A2
INHIBITOR,,1,1,4,5826,,Sodium/glucose cotransporter 2 inhibitor,"[{'ref_id': 'http://adisinsight.springer.com/drugs/800035524', 'ref_type': 'Other', 'ref_url': 'http://adisinsight.springer.com/drugs/800035524'}, {'ref_id': 'http://www.theracos.com/sglt2-inhibitors/', 'ref_type': 'Other', 'ref_url': 'http://www.theracos.com/sglt2-inhibitors/'}]",1,CHEMBL1808388,CHEMBL1808388,2473550,,,CHEMBL3884,,SLC5A2
INHIBITOR,,1,1,4,5841,,Sodium/glucose cotransporter 2 inhibitor,"[{'ref_id': '22739142', 'ref_type': 'PubMed', 'ref_url': 'http://europepmc.org/abstract/MED/22739142'}]",1,CHEMBL3039507,CHEMBL3039507,1937949,"Human SGLT1 IC50=36 nmol/l, human SGLT2 IC50=1.8 nmol/l ",,CHEMBL3884,,SLC5A2
INHIBITOR,,1,1,4,7267,,Sodium/glucose cotransporter 2 inhibitor,"[{'ref_id': 'setid=fc6ae30e-868b-4ac9-b69d-900922503998', 'ref_type': 'DailyMed', 'ref_url': 'http://dailymed.nlm.nih.gov/dailymed/lookup.cfm?setid=fc6ae30e-868b-4ac9-b69d-900922503998'}]",1,CHEMBL429910,CHEMBL429910,1706050,,,CHEMBL3884,,SLC5A2
INHIBITOR,,1,1,3,7545,,Sodium/glucose cotransporter 2 inhibitor,"[{'ref_id': 'https://www.pmda.go.jp/files/000230401.pdf', 'ref_type': 'Other', 'ref_url': 'https://www.pmda.go.jp/files/000230401.pdf'}]",1,CHEMBL4297658,CHEMBL4297658,3133266,,,CHEMBL3884,,SLC5A2
INHIBITOR,,1,1,2,7554,,Sodium/glucose cotransporter 2 inhibitor,"[{'ref_id': '30724002', 'ref_type': 'PubMed', 'ref_url': 'http://europepmc.org/abstract/MED/30724002'}, {'ref_id': '32187881', 'ref_type': 'PubMed', 'ref_url': 'http://europepmc.org/abstract/MED/32187881'}]",1,CHEMBL4297625,CHEMBL4297625,3133228,Dual SGLT1/2 inhibitor.,,CHEMBL3884,,SLC5A2
INHIBITOR,,1,1,2,7708,,Sodium/glucose cotransporter 2 inhibitor,"[{'ref_id': '19281809', 'ref_type': 'PubMed', 'ref_url': 'http://europepmc.org/abstract/MED/19281809'}]",1,CHEMBL450044,CHEMBL450044,1699791,,,CHEMBL3884,,SLC5A2
INHIBITOR,,1,1,3,8209,,Sodium/glucose cotransporter 2 inhibitor,"[{'ref_id': '24786232', 'ref_type': 'PubMed', 'ref_url': 'http://europepmc.org/abstract/MED/24786232'}]",1,CHEMBL4297431,CHEMBL4297431,3132999,,,CHEMBL3884,,SLC5A2
INHIBITOR,,1,1,4,8219,,Sodium/glucose cotransporter 2 inhibitor,"[{'ref_id': 'https://www.pmda.go.jp/files/000206796.pdf', 'ref_type': 'PMDA', 'ref_url': 'https://www.pmda.go.jp/files/000206796.pdf'}, {'ref_id': '25316572', 'ref_type': 'PubMed', 'ref_url': 'http://europepmc.org/abstract/MED/25316572'}]",1,CHEMBL2018096,CHEMBL2018096,3132621,,,CHEMBL3884,,SLC5A2
INHIBITOR,,1,1,2,8903,,Sodium/glucose cotransporter 2 inhibitor,"[{'ref_id': '23374077', 'ref_type': 'PubMed', 'ref_url': 'https://pubmed.ncbi.nlm.nih.gov/23374077/'}]",1,CHEMBL4297452,CHEMBL2397450,3133020,,,CHEMBL3884,,SLC5A2
INHIBITOR,,1,1,4,9827,,Sodium/glucose cotransporter 2 inhibitor,"[{'ref_id': 'https://www.ema.europa.eu/en/documents/product-information/segluromet-epar-product-information_en.pdf', 'ref_type': 'EMA', 'ref_url': 'https://www.ema.europa.eu/en/documents/product-information/segluromet-epar-product-information_en.pdf'}]",1,CHEMBL5315054,CHEMBL1770248,3956713,,,CHEMBL3884,,SLC5A2
INHIBITOR,,1,1,4,1052,,HMG-CoA reductase inhibitor,"[{'ref_id': 'setid=10a557fe-6620-4b15-862a-d3ff5dece612', 'ref_type': 'DailyMed', 'ref_url': 'http://dailymed.nlm.nih.gov/dailymed/lookup.cfm?setid=10a557fe-6620-4b15-862a-d3ff5dece612'}]",1,CHEMBL503,CHEMBL503,1344871,,,CHEMBL402,,HMGCR
INHIBITOR,,1,1,4,1053,,HMG-CoA reductase inhibitor,"[{'ref_id': '9780702034718 PP. 290', 'ref_type': 'ISBN', 'ref_url': 'http://www.isbnsearch.org/isbn/9780702034718'}]",1,CHEMBL1200563,CHEMBL1477,1343621,,,CHEMBL402,,HMGCR
INHIBITOR,,1,1,4,1054,,HMG-CoA reductase inhibitor,"[{'ref_id': 'label/2013/022363s012lbl.pdf', 'ref_type': 'FDA', 'ref_url': 'http://www.accessdata.fda.gov/drugsatfda_docs/label/2013/022363s012lbl.pdf'}]",1,CHEMBL1237061,CHEMBL1201753,1343985,,,CHEMBL402,,HMGCR
INHIBITOR,,1,1,4,1055,,HMG-CoA reductase inhibitor,"[{'ref_id': 'setid=aad8b373-0aec-4efb-8e61-3d8114b31127', 'ref_type': 'DailyMed', 'ref_url': 'http://dailymed.nlm.nih.gov/dailymed/lookup.cfm?setid=aad8b373-0aec-4efb-8e61-3d8114b31127'}]",1,CHEMBL2218894,CHEMBL2220442,1344848,,,CHEMBL402,,HMGCR
INHIBITOR,,1,1,4,1056,,HMG-CoA reductase inhibitor,"[{'ref_id': 'setid=e498b80d-7177-4f9d-8471-2e8f913196af', 'ref_type': 'DailyMed', 'ref_url': 'http://dailymed.nlm.nih.gov/dailymed/lookup.cfm?setid=e498b80d-7177-4f9d-8471-2e8f913196af'}]",1,CHEMBL1744447,CHEMBL1496,1343886,,,CHEMBL402,,HMGCR
INHIBITOR,,1,1,4,1057,,HMG-CoA reductase inhibitor,"[{'ref_id': 'setid=897ad8b7-921d-eb02-a61c-3419e662a2da', 'ref_type': 'DailyMed', 'ref_url': 'http://dailymed.nlm.nih.gov/dailymed/lookup.cfm?setid=897ad8b7-921d-eb02-a61c-3419e662a2da'}]",1,CHEMBL690,CHEMBL1144,1343150,,,CHEMBL402,,HMGCR
INHIBITOR,,1,1,4,1058,,HMG-CoA reductase inhibitor,"[{'ref_id': 'setid=6ccdb6f3-22c7-5b48-46bc-ce4a4c65eb4d#section-13', 'ref_type': 'DailyMed', 'ref_url': 'http://dailymed.nlm.nih.gov/dailymed/lookup.cfm?setid=6ccdb6f3-22c7-5b48-46bc-ce4a4c65eb4d#section-13'}]",1,CHEMBL393220,CHEMBL1487,1344888,,,CHEMBL402,,HMGCR
INHIBITOR,,1,1,4,1059,,HMG-CoA reductase inhibitor,"[{'ref_id': 'setid=e9e50cdb-4cef-4d03-9fb6-973d0c2bf293', 'ref_type': 'DailyMed', 'ref_url': 'http://dailymed.nlm.nih.gov/dailymed/lookup.cfm?setid=e9e50cdb-4cef-4d03-9fb6-973d0c2bf293'}]",1,CHEMBL1064,CHEMBL1064,1343830,,,CHEMBL402,,HMGCR
INHIBITOR,,1,1,4,6914,,HMG-CoA reductase inhibitor,"[{'ref_id': 'label/2013/022363s012lbl.pdf', 'ref_type': 'FDA', 'ref_url': 'http://www.accessdata.fda.gov/drugsatfda_docs/label/2013/022363s012lbl.pdf'}]",1,CHEMBL3989923,CHEMBL1201753,2973279,,,CHEMBL402,,HMGCR
INHIBITOR,,1,1,4,6915,,HMG-CoA reductase inhibitor,"[{'ref_id': 'label/2013/022363s012lbl.pdf', 'ref_type': 'FDA', 'ref_url': 'http://www.accessdata.fda.gov/drugsatfda_docs/label/2013/022363s012lbl.pdf'}]",1,CHEMBL3989920,CHEMBL1201753,2973276,,,CHEMBL402,,HMGCR
AGONIST,,1,1,4,431,,Peroxisome proliferator-activated receptor alpha agonist,"[{'ref_id': 'setid=86c49aff-0a4a-46b5-ac6e-26789bf17c9b', 'ref_type': 'DailyMed', 'ref_url': 'http://dailymed.nlm.nih.gov/dailymed/lookup.cfm?setid=86c49aff-0a4a-46b5-ac6e-26789bf17c9b'}]",1,CHEMBL1201745,CHEMBL981,1344942,,,CHEMBL239,,PPARA
AGONIST,,1,1,4,432,,Peroxisome proliferator-activated receptor alpha agonist,"[{'ref_id': 'setid=16a775ec-47e7-491f-8c48-319ce43dcd3b', 'ref_type': 'DailyMed', 'ref_url': 'http://dailymed.nlm.nih.gov/dailymed/lookup.cfm?setid=16a775ec-47e7-491f-8c48-319ce43dcd3b'}, {'ref_id': 'Fibrates', 'ref_type': 'Wikipedia', 'ref_url': 'http://en.wikipedia.org/wiki/Fibrates'}, {'ref_id': 'Gemfibrozil', 'ref_type': 'Wikipedia', 'ref_url': 'http://en.wikipedia.org/wiki/Gemfibrozil'}]",1,CHEMBL457,CHEMBL457,1343073,,,CHEMBL239,,PPARA
AGONIST,,1,1,4,433,,Peroxisome proliferator-activated receptor alpha agonist,"[{'ref_id': 'setid=24790a18-0291-4b88-a724-acac43b616ce', 'ref_type': 'DailyMed', 'ref_url': 'http://dailymed.nlm.nih.gov/dailymed/lookup.cfm?setid=24790a18-0291-4b88-a724-acac43b616ce'}]",1,CHEMBL672,CHEMBL672,1344135,,,CHEMBL239,,PPARA
AGONIST,,1,1,4,434,,Peroxisome proliferator-activated receptor alpha agonist,"[{'ref_id': '9780702034718 PP. 290', 'ref_type': 'ISBN', 'ref_url': 'http://www.isbnsearch.org/isbn/9780702034718'}]",1,CHEMBL565,CHEMBL565,1343446,,,CHEMBL239,,PPARA
AGONIST,,1,1,4,435,,Peroxisome proliferator-activated receptor alpha agonist,"[{'ref_id': 'setid=86c49aff-0a4a-46b5-ac6e-26789bf17c9b', 'ref_type': 'DailyMed', 'ref_url': 'http://dailymed.nlm.nih.gov/dailymed/lookup.cfm?setid=86c49aff-0a4a-46b5-ac6e-26789bf17c9b'}]",1,CHEMBL981,CHEMBL981,1344147,,,CHEMBL239,,PPARA
AGONIST,,1,1,2,4582,,Peroxisome proliferator-activated receptor alpha agonist,"[{'ref_id': 'http://zyduscadila.com', 'ref_type': 'Other', 'ref_url': 'http://zyduscadila.com'}]",1,CHEMBL3545093,CHEMBL3545093,2473011,,,CHEMBL239,,PPARA
AGONIST,,1,1,2,4583,"Status last updated May 2009, discontinued?",Peroxisome proliferator-activated receptor alpha agonist,"[{'ref_id': '18678301', 'ref_type': 'PubMed', 'ref_url': 'http://europepmc.org/abstract/MED/18678301'}, {'ref_id': '18971326', 'ref_type': 'PubMed', 'ref_url': 'http://europepmc.org/abstract/MED/18971326'}, {'ref_id': '22301950', 'ref_type': 'PubMed', 'ref_url': 'http://europepmc.org/abstract/MED/22301950'}]",1,CHEMBL5314385,CHEMBL5314385,2473453,,,CHEMBL239,,PPARA
AGONIST,,1,1,2,4584,Compound failed to show an advantage over marketed fenofibrate in Ph2 trial. Also potential adverse effects on kidney function (http://www.firstwordpharma.com/node/110221#axzz3Oj1URprS). Developement on hold or discontinued?,Peroxisome proliferator-activated receptor alpha agonist,"[{'ref_id': '15933217', 'ref_type': 'PubMed', 'ref_url': 'http://europepmc.org/abstract/MED/15933217'}]",1,CHEMBL424133,CHEMBL424133,2472728,,,CHEMBL239,,PPARA
AGONIST,,1,1,2,4585,"Report about Ph2 trial in Canada 2007, no trial ID or references found. Compound may have been discontinued.",Peroxisome proliferator-activated receptor alpha agonist,"[{'ref_id': 'http://adisinsight.springer.com/drugs/800020522', 'ref_type': 'Other', 'ref_url': 'http://adisinsight.springer.com/drugs/800020522'}]",1,CHEMBL3545394,CHEMBL3545394,2473707,,,CHEMBL239,,PPARA
AGONIST,,1,1,2,4586,"Not in pipeline, development discontinued?",Peroxisome proliferator-activated receptor alpha agonist,"[{'ref_id': '17243659', 'ref_type': 'PubMed', 'ref_url': 'http://europepmc.org/abstract/MED/17243659'}]",1,CHEMBL219586,CHEMBL219586,2473141,,,CHEMBL239,,PPARA
AGONIST,,1,1,2,4587,Development discontinued (http://fr.reuters.com/article/idUKL04616509200804042),Peroxisome proliferator-activated receptor alpha agonist,"[{'ref_id': '22212431', 'ref_type': 'PubMed', 'ref_url': 'http://europepmc.org/abstract/MED/22212431'}]",1,CHEMBL3545334,CHEMBL3545334,2473583,,,CHEMBL239,,PPARA
AGONIST,,1,1,2,4590,"Development stopped (PMID:20932114). There are reports of adverse events associated with PPARalfa/gamma dual agonist, for example weight gain, increased risk of bladder cancer and hyperplasia.",Peroxisome proliferator-activated receptor alpha agonist,"[{'ref_id': 'D08949', 'ref_type': 'KEGG', 'ref_url': None}, {'ref_id': '18474944', 'ref_type': 'PubMed', 'ref_url': 'http://europepmc.org/abstract/MED/18474944'}, {'ref_id': '24524207', 'ref_type': 'PubMed', 'ref_url': 'http://europepmc.org/abstract/MED/24524207'}]",1,CHEMBL181954,CHEMBL181954,1701418,,,CHEMBL239,,PPARA
AGONIST,,1,1,3,5224,Selective PPAR alpha modulator (SPPAR?M) properties. Ph3 in Japan,Peroxisome proliferator-activated receptor alpha agonist,"[{'ref_id': 'http://kenesforms.kenes.com/eas2012/abstracts/pdf/787.pdf', 'ref_type': 'Other', 'ref_url': 'http://kenesforms.kenes.com/eas2012/abstracts/pdf/787.pdf'}, {'ref_id': 'http://www.kowa.co.jp/eng/company/division/pharmaceutic/labo.htm', 'ref_type': 'Other', 'ref_url': 'http://www.kowa.co.jp/eng/company/division/pharmaceutic/labo.htm'}, {'ref_id': '23721199', 'ref_type': 'PubMed', 'ref_url': 'http://europepmc.org/abstract/MED/23721199'}]",1,CHEMBL3545412,CHEMBL3545412,2473745,,,CHEMBL239,,PPARA
AGONIST,,1,1,3,5225,Development discontinued after Ph3 in 2005 due to abnormalities in liver enzyme tests (http://www.firstwordpharma.com/node/218757#axzz3OLRFCbFS3).,Peroxisome proliferator-activated receptor alpha agonist,"[{'ref_id': '15219816', 'ref_type': 'PubMed', 'ref_url': 'http://europepmc.org/abstract/MED/15219816'}, {'ref_id': '17884441', 'ref_type': 'PubMed', 'ref_url': 'http://europepmc.org/abstract/MED/17884441'}, {'ref_id': '23721199', 'ref_type': 'PubMed', 'ref_url': 'http://europepmc.org/abstract/MED/23721199'}]",1,CHEMBL592054,CHEMBL592054,2473520,,,CHEMBL239,,PPARA
AGONIST,,1,1,3,5227,Development stopped due to safety concerns and lack of efficacy (http://www.roche.com/media/media_releases/med-cor-2013-07-10.htm),Peroxisome proliferator-activated receptor alpha agonist,"[{'ref_id': '1486069', 'ref_type': 'PubMed', 'ref_url': 'http://europepmc.org/abstract/MED/1486069'}, {'ref_id': 'Aleglitazar', 'ref_type': 'Wikipedia', 'ref_url': 'http://en.wikipedia.org/wiki/Aleglitazar'}]",1,CHEMBL519504,CHEMBL519504,1699743,,,CHEMBL239,,PPARA
AGONIST,,1,1,3,5229,Discontinueddue to safety concerns,Peroxisome proliferator-activated receptor alpha agonist,"[{'ref_id': '23594962', 'ref_type': 'PubMed', 'ref_url': 'http://europepmc.org/abstract/MED/23594962'}, {'ref_id': '23721199', 'ref_type': 'PubMed', 'ref_url': 'http://europepmc.org/abstract/MED/23721199'}, {'ref_id': 'Muraglitazar', 'ref_type': 'Wikipedia', 'ref_url': 'http://en.wikipedia.org/wiki/Muraglitazar'}]",1,CHEMBL186179,CHEMBL186179,1705437,,,CHEMBL239,,PPARA
AGONIST,,1,1,3,5231,"All Ph3 trials terminated, discontinued due to safety concerns (http://en.wikipedia.org/wiki/Tesaglitazar)",Peroxisome proliferator-activated receptor alpha agonist,"[{'ref_id': '15059948', 'ref_type': 'PubMed', 'ref_url': 'http://europepmc.org/abstract/MED/15059948'}, {'ref_id': '16628256', 'ref_type': 'PubMed', 'ref_url': 'http://europepmc.org/abstract/MED/16628256'}, {'ref_id': 'Tesaglitazar', 'ref_type': 'Wikipedia', 'ref_url': 'http://en.wikipedia.org/wiki/Tesaglitazar'}]",1,CHEMBL282686,CHEMBL282686,1706224,,,CHEMBL239,,PPARA
AGONIST,,1,1,4,6676,"Ciprofibrate, a PPARα activator, is used to treat hyperlipidaemia and was found to be beneficial in the prevention of ischemic heart disease in individuals with elevated levels of LDL cholesterol. In addition ciprofibrate is also found to modestly decrease elevated fibrinogen and plasminogen activator inhibitor-1 levels and elevate level of plasma HDL cholesterol.",Peroxisome proliferator-activated receptor alpha agonist,"[{'ref_id': '16099866', 'ref_type': 'PubMed', 'ref_url': 'http://europepmc.org/abstract/MED/16099866'}, {'ref_id': '16722831', 'ref_type': 'PubMed', 'ref_url': 'http://europepmc.org/abstract/MED/16722831'}, {'ref_id': '18336980', 'ref_type': 'PubMed', 'ref_url': 'http://europepmc.org/abstract/MED/18336980'}, {'ref_id': '19930639', 'ref_type': 'PubMed', 'ref_url': 'http://europepmc.org/abstract/MED/19930639'}, {'ref_id': '21475872', 'ref_type': 'PubMed', 'ref_url': 'http://europepmc.org/abstract/MED/21475872'}, {'ref_id': '23326000', 'ref_type': 'PubMed', 'ref_url': 'http://europepmc.org/abstract/MED/23326000'}]",1,CHEMBL557555,CHEMBL557555,1702842,,,CHEMBL239,,PPARA
AGONIST,,1,1,4,7549,,Peroxisome proliferator-activated receptor alpha agonist,"[{'ref_id': 'https://www.pmda.go.jp/files/000226672.pdf', 'ref_type': 'Other', 'ref_url': 'https://www.pmda.go.jp/files/000226672.pdf'}]",1,CHEMBL247951,CHEMBL247951,3132634,,,CHEMBL239,,PPARA
AGONIST,,1,1,3,7948,,Peroxisome proliferator-activated receptor alpha agonist,"[{'ref_id': '25926748', 'ref_type': 'PubMed', 'ref_url': 'http://europepmc.org/abstract/MED/25926748'}, {'ref_id': '26171220', 'ref_type': 'PubMed', 'ref_url': 'http://europepmc.org/abstract/MED/26171220'}, {'ref_id': '33273703', 'ref_type': 'PubMed', 'ref_url': 'http://europepmc.org/abstract/MED/33273703'}]",1,CHEMBL4297530,CHEMBL4297530,3133108,,,CHEMBL239,,PPARA
AGONIST,,1,1,4,8049,,Peroxisome proliferator-activated receptor alpha agonist,"[{'ref_id': 'https://care.diabetesjournals.org/content/34/9/2008', 'ref_type': 'Other', 'ref_url': 'https://care.diabetesjournals.org/content/34/9/2008'}, {'ref_id': '25212694', 'ref_type': 'PubMed', 'ref_url': 'http://europepmc.org/abstract/MED/25212694'}, {'ref_id': '31523999', 'ref_type': 'PubMed', 'ref_url': 'http://europepmc.org/abstract/MED/31523999'}]",1,CHEMBL3707395,CHEMBL3707395,2472872,,,CHEMBL239,,PPARA
AGONIST,,1,1,3,8071,,Peroxisome proliferator-activated receptor alpha agonist,"[{'ref_id': '15120604', 'ref_type': 'PubMed', 'ref_url': 'http://europepmc.org/abstract/MED/15120604'}]",1,CHEMBL4297404,CHEMBL4297404,3132972,,,CHEMBL239,,PPARA
