protein_a,protein_b,interaction_score
FBXW7,MYC,0.999
CLUAP1,IFT52,0.999
NDUFAB1,NDUFA6,0.999
NDUFAB1,NDUFV1,0.999
NDUFAB1,NDUFB1,0.999
MT-ND2,NDUFA11,0.999
MT-ND2,NDUFA6,0.999
NDUFB11,MT-ND4,0.999
NDUFB9,NDUFB8,0.999
NDUFB9,NDUFA5,0.999
NDUFB11,NDUFA13,0.999
NDUFB11,NDUFC2,0.999
NDUFB11,NDUFA12,0.999
NDUFB11,NDUFB8,0.999
NDUFB11,NDUFA6,0.999
NDUFB11,MT-ND5,0.999
NDUFB11,NDUFA5,0.999
NDUFB11,NDUFS4,0.999
NDUFB11,NDUFA7,0.999
NDUFB11,NDUFA1,0.999
NDUFB11,NDUFA11,0.999
NDUFB11,MT-ND1,0.999
NDUFB11,NDUFV1,0.999
NDUFB4,NDUFC2,0.999
NDUFB4,NDUFA13,0.999
NDUFB4,NDUFB5,0.999
NDUFB4,MT-ND4,0.999
NDUFB4,NDUFS4,0.999
NDUFB4,NDUFB7,0.999
NDUFB4,NDUFA11,0.999
NDUFB4,NDUFA1,0.999
NDUFB4,NDUFB9,0.999
NDUFB7,NDUFA1,0.999
NDUFB4,NDUFS3,0.999
NDUFB4,NDUFA12,0.999
NDUFB4,NDUFB2,0.999
NDUFB4,NDUFS6,0.999
NDUFB4,NDUFA6,0.999
NDUFB4,NDUFB11,0.999
NDUFB4,NDUFB8,0.999
NDUFB4,NDUFA5,0.999
NDUFB4,NDUFA9,0.999
NDUFB4,NDUFV3,0.999
NDUFB4,NDUFB10,0.999
NDUFB7,NDUFB6,0.999
NDUFB7,NDUFA10,0.999
NDUFB4,NDUFB3,0.999
NDUFB4,NDUFS2,0.999
NDUFB4,NDUFS5,0.999
NDUFB4,NDUFA2,0.999
NDUFB4,NDUFA8,0.999
NDUFB4,NDUFS8,0.999
NDUFB4,NDUFA10,0.999
NDUFB4,NDUFB6,0.999
NDUFB4,NDUFS7,0.999
NDUFB4,NDUFB1,0.999
NDUFB4,NDUFA7,0.999
NDUFB7,MT-ND1,0.999
NDUFB7,NDUFB9,0.999
NDUFB7,NDUFA3,0.999
NDUFB7,NDUFA11,0.999
NDUFB7,NDUFB11,0.999
NDUFB7,NDUFS6,0.999
NDUFB4,NDUFA3,0.999
NDUFB7,NDUFV3,0.999
NDUFB7,MT-ND2,0.999
NDUFB7,NDUFV1,0.999
NDUFB7,NDUFS3,0.999
NDUFB7,NDUFA5,0.999
NDUFB7,NDUFA6,0.999
NDUFB7,NDUFS4,0.999
NDUFB7,NDUFA7,0.999
NDUFB7,NDUFV2,0.999
NDUFB7,NDUFS1,0.999
NDUFB7,NDUFAB1,0.999
NDUFB7,NDUFS7,0.999
NDUFB7,NDUFS8,0.999
NDUFS8,NDUFS2,0.999
NDUFS8,NDUFA8,0.999
NDUFS8,NDUFB6,0.999
MT-ND2,NDUFV1,0.999
MT-ND2,NDUFA8,0.999
MT-ND2,NDUFS2,0.999
NDUFB7,NDUFA8,0.999
NDUFB7,NDUFA2,0.999
NDUFB7,NDUFS5,0.999
NDUFB7,NDUFS2,0.999
NDUFB7,NDUFB10,0.999
PSMA3,PSMD6,0.999
NDUFB7,NDUFB8,0.999
NDUFB7,NDUFB2,0.999
NDUFB7,NDUFA12,0.999
NDUFB7,MT-ND4,0.999
NDUFB7,MT-ND3,0.999
NDUFB7,NDUFB5,0.999
NDUFB7,NDUFA13,0.999
NDUFB7,NDUFC2,0.999
NDUFB7,NDUFB3,0.999
NDUFA13,NDUFA6,0.999
NDUFA13,NDUFAB1,0.999
NDUFV3,NDUFA11,0.999
NDUFV3,NDUFA1,0.999
LEP,LEPR,0.999
NDUFS8,NDUFS5,0.999
MT-ND2,NDUFB3,0.999
MT-ND2,NDUFS1,0.999
MT-ND2,NDUFAB1,0.999
MT-ND2,MT-ND3,0.999
NDUFA13,NDUFV1,0.999
NDUFB7,NDUFA9,0.999
NDUFB7,MT-ND5,0.999
GCK,GCKR,0.999
NDUFB11,NDUFB9,0.999
NDUFV2,NDUFS1,0.999
NDUFB11,NDUFV3,0.999
NDUFB11,NDUFA8,0.999
NDUFB11,NDUFS5,0.999
NDUFB11,NDUFS2,0.999
NDUFB11,NDUFB6,0.999
NDUFB11,NDUFS8,0.999
NDUFB11,NDUFB1,0.999
NDUFB9,MT-ND5,0.999
NDUFS8,NDUFV2,0.999
NDUFS8,NDUFAB1,0.999
NDUFS8,NDUFS1,0.999
NDUFS8,NDUFA13,0.999
NDUFS8,MT-ND4,0.999
NDUFS8,MT-ND3,0.999
NDUFS8,NDUFA12,0.999
NDUFS8,NDUFA6,0.999
RPTOR,MTOR,0.999
MT-ND3,NDUFS2,0.999
MT-ND4L,MT-ND5,0.999
NDUFB9,NDUFA12,0.999
NDUFB9,NDUFB2,0.999
NDUFB9,NDUFC2,0.999
NDUFB9,NDUFA13,0.999
NDUFB9,MT-ND3,0.999
NDUFB9,MT-ND4,0.999
NDUFB9,NDUFS1,0.999
NDUFB9,NDUFAB1,0.999
NDUFB9,NDUFV2,0.999
NDUFB9,NDUFB3,0.999
NDUFB9,NDUFS8,0.999
NDUFB9,NDUFB6,0.999
NDUFS6,NDUFA7,0.999
CCND1,CDKN1B,0.999
NDUFB2,NDUFAB1,0.999
NDUFB2,NDUFA6,0.999
MT-ND3,NDUFA5,0.999
MT-ND3,NDUFA8,0.999
IRS1,IGF1R,0.999
IRS1,INS,0.999
TNIP1,TNFAIP3,0.999
NDUFS2,NDUFA1,0.999
NDUFS2,NDUFA3,0.999
NDUFS2,NDUFV1,0.999
IRS1,PIK3R1,0.999
MT-ND3,NDUFV1,0.999
MT-ND3,NDUFA3,0.999
MT-ND3,NDUFA13,0.999
MT-ND3,NDUFB3,0.999
MT-ND3,NDUFS1,0.999
MT-ND3,NDUFAB1,0.999
MT-ND3,NDUFA6,0.999
NDUFA5,NDUFA6,0.999
NDUFS6,NDUFS4,0.999
NDUFV2,NDUFC1,0.999
NDUFV2,NDUFAB1,0.999
NDUFS6,NDUFS5,0.999
NDUFS6,NDUFA8,0.999
NDUFS6,NDUFC2,0.999
NDUFS6,NDUFA13,0.999
NDUFS6,NDUFAB1,0.999
NDUFS6,NDUFS1,0.999
NDUFS6,NDUFB9,0.999
PSAT1,PHGDH,0.999
NDUFS6,NDUFA12,0.999
NDUFS7,NDUFC2,0.999
NDUFS7,MT-ND4,0.999
NDUFA3,NDUFV1,0.999
NDUFA3,NDUFA6,0.999
NDUFA3,NDUFC1,0.999
NDUFA3,NDUFAB1,0.999
NDUFA3,NDUFA13,0.999
ROBO2,SLIT2,0.999
NDUFA5,NDUFA13,0.999
NDUFA5,NDUFAB1,0.999
NDUFA5,NDUFC1,0.999
NDUFS2,NDUFB6,0.999
NDUFS2,NDUFA11,0.999
MT-ND4L,NDUFAB1,0.999
NDUFS2,NDUFS1,0.999
NDUFS2,NDUFAB1,0.999
NDUFS2,NDUFB3,0.999
NDUFS2,NDUFA13,0.999
IL13,IL13RA1,0.999
CDKN1B,CCND2,0.999
NDUFS7,NDUFA5,0.999
NDUFS7,NDUFA9,0.999
NDUFS7,MT-ND5,0.999
NDUFS7,NDUFA12,0.999
NDUFS7,NDUFB5,0.999
NDUFS7,NDUFA13,0.999
INSR,INS,0.999
INSR,IRS2,0.999
INSR,IRS1,0.999
NDUFA7,NDUFA5,0.999
NDUFA7,NDUFC1,0.999
NDUFA7,NDUFV2,0.999
NDUFA7,NDUFS1,0.999
NDUFA7,NDUFAB1,0.999
NDUFS2,NDUFA5,0.999
NDUFS2,NDUFA6,0.999
RBPJ,MAML2,0.999
RBPJ,MAML3,0.999
NDUFA4,NDUFA6,0.999
NDUFS7,NDUFB8,0.999
NDUFS7,NDUFV1,0.999
NDUFS7,NDUFS3,0.999
NDUFS7,MT-ND1,0.999
NDUFS7,MT-ND2,0.999
NDUFS7,NDUFA7,0.999
NDUFS7,NDUFAF3,0.999
NDUFS7,NDUFS4,0.999
NDUFS7,NDUFS5,0.999
NDUFS7,NDUFS2,0.999
NDUFS7,NDUFA8,0.999
NDUFS6,NDUFA3,0.999
NDUFS6,NDUFV1,0.999
NDUFS6,MT-ND1,0.999
NDUFS6,MT-ND2,0.999
NDUFS6,NDUFA11,0.999
NDUFS6,NDUFA1,0.999
NDUFS6,NDUFS8,0.999
NDUFS6,NDUFB6,0.999
NDUFS6,NDUFV3,0.999
NDUFS6,NDUFS2,0.999
NDUFB9,NDUFV3,0.999
NDUFB9,NDUFS2,0.999
NDUFB9,NDUFS5,0.999
NDUFB9,NDUFA8,0.999
NDUFB9,NDUFA3,0.999
RAMP3,CALCR,0.999
NDUFS8,NDUFV1,0.999
NDUFS8,MT-ND4L,0.999
NDUFS8,MT-ND1,0.999
NDUFS8,MT-ND2,0.999
NDUFS8,NDUFV3,0.999
NDUFS7,MT-ND3,0.999
NDUFS7,NDUFV2,0.999
NDUFS7,NDUFS1,0.999
NDUFS7,NDUFAB1,0.999
NDUFS7,NDUFB3,0.999
NDUFS7,NDUFB11,0.999
NDUFS7,NDUFS6,0.999
NDUFS7,NDUFA6,0.999
NDUFA7,NDUFA1,0.999
NDUFA7,NDUFA11,0.999
NDUFA7,NDUFA3,0.999
NDUFA7,NDUFV1,0.999
NDUFS7,NDUFA11,0.999
NDUFS7,NDUFA1,0.999
NDUFS7,NDUFA10,0.999
NDUFS7,NDUFS8,0.999
NDUFS7,NDUFAF4,0.999
NDUFS7,NDUFB6,0.999
NDUFS7,NDUFV3,0.999
NDUFS7,NDUFB10,0.999
NDUFS7,NDUFA2,0.999
NDUFA5,NDUFA3,0.999
NDUFB3,NDUFC1,0.999
NDUFB3,NDUFAB1,0.999
NDUFB3,NDUFA13,0.999
NDUFB3,NDUFB2,0.999
NDUFB3,NDUFA6,0.999
NDUFA7,NDUFB3,0.999
NDUFA7,NDUFA13,0.999
NDUFA7,NDUFV3,0.999
NDUFA7,NDUFS2,0.999
NDUFA7,NDUFS5,0.999
NDUFA7,NDUFA8,0.999
NDUFS2,NDUFS5,0.999
NDUFS2,NDUFA8,0.999
NDUFA2,NDUFS8,0.999
NDUFA2,NDUFB1,0.999
NDUFB3,NDUFV1,0.999
MT-ND4L,MT-ND2,0.999
MT-ND4L,MT-ND3,0.999
MT-ND4L,MT-ND4,0.999
MT-ND4L,NDUFV1,0.999
MT-ND4L,NDUFS2,0.999
MT-ND4L,NDUFA5,0.999
MAPK8IP1,MAP2K7,0.999
NDUFS7,NDUFB9,0.999
NDUFS7,NDUFA3,0.999
NDUFA5,NDUFV1,0.999
NDUFA2,NDUFB6,0.999
NDUFA2,NDUFA7,0.999
NDUFA2,NDUFA1,0.999
NDUFA2,NDUFA11,0.999
NDUFB8,NDUFV3,0.999
NDUFB8,MT-ND2,0.999
NDUFB8,NDUFA3,0.999
NDUFB8,MT-ND1,0.999
NDUFB8,NDUFV1,0.999
NDUFB8,NDUFA1,0.999
NDUFA7,NDUFA12,0.999
NDUFA7,NDUFB2,0.999
NDUFA7,NDUFA6,0.999
NDUFA2,NDUFA10,0.999
NDUFB9,NDUFV1,0.999
NDUFB9,MT-ND1,0.999
NDUFB9,MT-ND2,0.999
NDUFB9,NDUFA7,0.999
NDUFB9,NDUFS4,0.999
NDUFB9,NDUFA11,0.999
NDUFB9,NDUFA6,0.999
NDUFS6,MT-ND3,0.999
NDUFS6,MT-ND4,0.999
NDUFS6,NDUFC1,0.999
NDUFS6,NDUFV2,0.999
NDUFB10,NDUFC2,0.999
NDUFB10,NDUFB3,0.999
NDUFS6,NDUFB3,0.999
NDUFS6,NDUFA6,0.999
NDUFS6,NDUFB11,0.999
NDUFA2,MT-ND4,0.999
NDUFA2,NDUFA4,0.999
NDUFA2,MT-ND3,0.999
NDUFS8,NDUFB3,0.999
NDUFA7,NDUFS8,0.999
NDUFA7,NDUFB6,0.999
NDUFB8,NDUFS5,0.999
NDUFB8,NDUFS2,0.999
NDUFB8,NDUFA8,0.999
NDUFB3,NDUFA3,0.999
NDUFB3,NDUFB1,0.999
ESR1,IGF1R,0.999
NDUFB3,NDUFA5,0.999
NDUFA2,NDUFS2,0.999
NDUFB8,NDUFB2,0.999
NDUFB8,NDUFA13,0.999
NDUFB8,MT-ND3,0.999
NDUFB8,MT-ND4,0.999
NDUFB8,NDUFV2,0.999
NDUFB8,NDUFAB1,0.999
NDUFB8,NDUFS1,0.999
NDUFB8,NDUFB3,0.999
NDUFA2,NDUFS3,0.999
NDUFA2,MT-ND1,0.999
NDUFA2,NDUFV1,0.999
NDUFA2,NDUFB9,0.999
NDUFA2,NDUFA3,0.999
NDUFA2,MT-ND2,0.999
NDUFA2,NDUFB10,0.999
NDUFA2,NDUFV3,0.999
NDUFA2,NDUFA12,0.999
NDUFA2,NDUFB8,0.999
NDUFA2,NDUFB11,0.999
NDUFA2,NDUFS6,0.999
NDUFA2,NDUFA9,0.999
NDUFA2,NDUFA5,0.999
NDUFA2,NDUFS4,0.999
NDUFA2,NDUFB3,0.999
NDUFS1,NDUFA5,0.999
NDUFS1,NDUFA6,0.999
NDUFV3,NDUFB3,0.999
NDUFV3,NDUFAB1,0.999
NDUFV3,NDUFS1,0.999
NDUFV3,NDUFC1,0.999
NDUFV3,NDUFA13,0.999
NDUFB8,NDUFA12,0.999
NDUFS1,NDUFA13,0.999
NDUFS1,NDUFAB1,0.999
NDUFS1,NDUFB3,0.999
NDUFS1,NDUFA3,0.999
NDUFS1,NDUFV1,0.999
NDUFA2,NDUFA8,0.999
NDUFA2,NDUFS5,0.999
NDUFA2,NDUFV2,0.999
NDUFA2,NDUFAB1,0.999
NDUFA2,NDUFS1,0.999
NDUFA2,NDUFB5,0.999
NDUFA2,NDUFA13,0.999
NDUFA2,NDUFC2,0.999
NDUFA2,NDUFB2,0.999
NDUFB8,NDUFB6,0.999
NDUFV3,NDUFV1,0.999
NDUFV3,NDUFA3,0.999
NDUFV3,NDUFA8,0.999
NDUFV3,NDUFS5,0.999
NDUFV3,NDUFS2,0.999
NDUFV3,NDUFB6,0.999
NDUFA2,NDUFA6,0.999
NDUFA2,MT-ND5,0.999
NDUFA2,NDUFC1,0.999
NDUFA10,NDUFA12,0.999
NDUFA10,NDUFB2,0.999
NDUFA10,NDUFB5,0.999
NDUFA10,NDUFA13,0.999
NDUFA10,NDUFC2,0.999
NDUFA10,MT-ND4,0.999
NDUFA10,NDUFS1,0.999
NDUFA10,NDUFB3,0.999
NDUFA11,NDUFA13,0.999
NDUFA10,NDUFA8,0.999
NDUFA10,NDUFB9,0.999
NDUFA10,NDUFA3,0.999
NDUFA10,NDUFV1,0.999
NDUFA10,NDUFS3,0.999
NDUFA10,MT-ND2,0.999
NDUFB8,NDUFA11,0.999
NDUFB8,NDUFA7,0.999
NDUFB8,NDUFA5,0.999
NDUFB8,MT-ND5,0.999
NDUFB8,NDUFS8,0.999
NDUFA10,NDUFA7,0.999
NDUFA10,NDUFS4,0.999
NDUFA10,NDUFA11,0.999
NDUFA10,NDUFA1,0.999
NDUFA10,NDUFB11,0.999
NDUFA10,NDUFS6,0.999
NDUFA10,NDUFA6,0.999
NDUFA10,NDUFA9,0.999
RAMP1,CALCR,0.999
RAMP2,CALCR,0.999
NDUFA10,NDUFS8,0.999
NDUFA10,NDUFB6,0.999
NDUFA10,NDUFV3,0.999
NDUFA10,MT-ND3,0.999
NDUFA10,NDUFV2,0.999
NDUFA10,NDUFAB1,0.999
KCNJ11,ABCC8,0.999
HMGB1,TLR4,0.999
NDUFV3,NDUFA5,0.999
NDUFV3,NDUFA6,0.999
NDUFA10,NDUFB10,0.999
NDUFA10,NDUFS5,0.999
NDUFA10,NDUFS2,0.999
JAG1,NOTCH2,0.999
KLB,FGFR4,0.999
NDUFA11,NDUFV1,0.999
NDUFA11,NDUFA3,0.999
NDUFS4,NDUFV2,0.999
NDUFS4,MT-ND3,0.999
NDUFS4,MT-ND4,0.999
NDUFS4,NDUFA8,0.999
NDUFS4,NDUFS2,0.999
NDUFS4,NDUFS5,0.999
NDUFS4,NDUFV3,0.999
NDUFS4,NDUFB6,0.999
NDUFS4,NDUFS8,0.999
NDUFS4,NDUFA11,0.999
NDUFS4,NDUFA1,0.999
NDUFA11,NDUFB3,0.999
NDUFA10,NDUFB8,0.999
NDUFA10,NDUFA5,0.999
MT-ND1,NDUFA1,0.999
MT-ND1,MT-ND2,0.999
NDUFB5,NDUFS3,0.999
DPP4,ADA,0.999
NDUFA11,NDUFS1,0.999
NDUFA11,NDUFAB1,0.999
NDUFA11,NDUFA5,0.999
NDUFA11,NDUFA6,0.999
OASL,DDX58,0.999
MT-ND6,MT-ND4,0.999
MT-ND6,NDUFS5,0.999
NDUFS4,NDUFAB1,0.999
NDUFS4,NDUFS1,0.999
NDUFS6,NDUFB8,0.999
NDUFS6,NDUFA5,0.999
NDUFS6,MT-ND5,0.999
NDUFB10,NDUFV2,0.999
NDUFB10,MT-ND5,0.999
NDUFB10,NDUFA5,0.999
NDUFB10,NDUFA6,0.999
NDUFB10,NDUFS6,0.999
NDUFB10,NDUFB11,0.999
NDUFB10,NDUFB8,0.999
NDUFB10,MT-ND1,0.999
NDUFB10,NDUFA3,0.999
NDUFB10,NDUFA1,0.999
NDUFB10,NDUFAF3,0.999
NDUFB10,NDUFS4,0.999
NDUFB10,NDUFA7,0.999
NDUFS4,MT-ND1,0.999
NDUFS4,NDUFA3,0.999
NDUFS4,NDUFA12,0.999
NDUFS4,MT-ND5,0.999
NDUFS4,NDUFA5,0.999
NDUFS4,NDUFA6,0.999
NDUFB8,NDUFA6,0.999
NDUFS4,NDUFB3,0.999
ARNTL,CRY2,0.999
NDUFB5,NDUFB10,0.999
NDUFB5,NDUFS2,0.999
NDUFB5,NDUFS5,0.999
NDUFB5,NDUFA8,0.999
NDUFB5,NDUFA3,0.999
NDUFB5,NDUFB9,0.999
NDUFB5,NDUFA12,0.999
NDUFB5,NDUFV1,0.999
MT-ND6,MT-ND1,0.999
MT-ND6,MT-ND4L,0.999
MT-ND6,MT-ND5,0.999
MT-ND6,MT-ND3,0.999
MT-ND6,MT-ND2,0.999
NDUFB5,NDUFA13,0.999
NDUFB5,MT-ND4,0.999
NDUFB5,NDUFC1,0.999
NDUFS4,NDUFA7,0.999
NDUFS4,MT-ND2,0.999
NDUFS4,NDUFV1,0.999
NDUFB5,NDUFV3,0.999
NDUFB5,NDUFC2,0.999
NDUFB5,NDUFAB1,0.999
NDUFS4,NDUFA13,0.999
NDUFS4,NDUFB8,0.999
NDUFAF4,NDUFA13,0.999
NDUFB5,MT-ND5,0.999
NDUFB5,NDUFA9,0.999
NDUFAF1,NDUFS1,0.999
TAL1,TCF12,0.999
NDUFA1,NDUFB6,0.999
NDUFA1,NDUFA6,0.999
NDUFA1,NDUFB3,0.999
NDUFB5,MT-ND2,0.999
NDUFB5,NDUFA7,0.999
NDUFB5,NDUFS4,0.999
NDUFB5,NDUFA1,0.999
NDUFB5,NDUFA11,0.999
NDUFB5,NDUFS8,0.999
NDUFB5,NDUFB6,0.999
NDUFB5,NDUFB1,0.999
NDUFA1,NDUFB2,0.999
NDUFA1,NDUFB1,0.999
NDUFA1,NDUFA5,0.999
TANK,TRAF3,0.999
NDUFB5,NDUFS1,0.999
NDUFB5,NDUFV2,0.999
NDUFB5,NDUFB3,0.999
NDUFB5,NDUFB8,0.999
NDUFB5,NDUFB11,0.999
NDUFB5,NDUFA6,0.999
NDUFB5,NDUFS6,0.999
NDUFB5,NDUFA5,0.999
NDUFAF1,NDUFAF3,0.999
NDUFAF1,NDUFB11,0.999
NDUFAF1,NDUFA12,0.999
NDUFAF1,NDUFA13,0.999
NDUFAF1,NDUFS3,0.999
NDUFAF3,NDUFA13,0.999
NDUFAF3,MT-ND6,0.999
NDUFAF3,NDUFAF4,0.999
NDUFAF3,NDUFS2,0.999
NDUFAF3,NDUFA8,0.999
NDUFA1,NDUFA11,0.999
NDUFA1,NDUFAB1,0.999
NDUFA1,NDUFS1,0.999
NDUFA1,NDUFA13,0.999
NDUFA1,NDUFV1,0.999
NDUFA1,NDUFA3,0.999
NDUFA1,NDUFA8,0.999
NDUFA1,NDUFS5,0.999
NDUFB10,NDUFB1,0.999
NDUFB10,NDUFB6,0.999
NDUFB10,NDUFS8,0.999
NDUFB10,NDUFA8,0.999
NDUFB10,MT-ND3,0.999
NDUFB10,MT-ND4,0.999
NDUFB10,NDUFA13,0.999
NDUFB10,NDUFS1,0.999
NDUFB10,NDUFAB1,0.999
NDUFC2,MT-ND4,0.999
NDUFC2,NDUFA12,0.999
NDUFC2,NDUFA6,0.999
NDUFC2,NDUFB8,0.999
NDUFC2,NDUFA5,0.999
MT-ND1,NDUFA8,0.999
MT-ND1,NDUFS2,0.999
MT-ND1,NDUFS5,0.999
MT-ND1,NDUFB3,0.999
MT-ND1,NDUFS1,0.999
MT-ND4,NDUFA8,0.999
MT-ND4,MT-ND2,0.999
MT-ND4,NDUFV1,0.999
MT-ND4,NDUFA1,0.999
MT-ND4,NDUFA11,0.999
MT-ND4,NDUFA5,0.999
MT-ND4,NDUFA6,0.999
MT-ND4,NDUFA13,0.999
MT-ND4,MT-ND3,0.999
MT-ND4,NDUFAB1,0.999
NDUFAF1,NDUFS5,0.999
NDUFV2,NDUFB6,0.999
MT-ND4,NDUFB1,0.999
MT-ND4,NDUFB6,0.999
MT-ND4,NDUFS2,0.999
MT-ND4,NDUFS5,0.999
MT-ND1,NDUFAB1,0.999
MT-ND1,MT-ND3,0.999
MT-ND1,MT-ND4L,0.999
MT-ND1,NDUFV1,0.999
NDUFS5,NDUFA13,0.999
NDUFS5,NDUFB3,0.999
NDUFA8,NDUFA3,0.999
NDUFA8,NDUFV1,0.999
MRAS,SHOC2,0.999
NDUFS5,NDUFS1,0.999
NUP133,NUP160,0.999
INS,IGF1R,0.999
NDUFS5,NDUFAB1,0.999
NDUFV2,NDUFV3,0.999
NDUFV2,NDUFS2,0.999
NDUFV2,NDUFS5,0.999
NDUFV2,NDUFA8,0.999
MT-ND5,NDUFS2,0.999
MT-ND5,NDUFS5,0.999
MT-ND5,NDUFA8,0.999
MT-ND5,NDUFB6,0.999
MT-ND5,NDUFS1,0.999
MT-ND5,NDUFAB1,0.999
MT-ND5,NDUFB3,0.999
MT-ND5,NDUFA13,0.999
MT-ND5,MT-ND3,0.999
MT-ND5,MT-ND4,0.999
NDUFS5,NDUFA8,0.999
NDUFS5,NDUFV1,0.999
NDUFS5,NDUFA3,0.999
NDUFS5,NDUFA11,0.999
NDUFS5,NDUFA6,0.999
NDUFS5,NDUFA5,0.999
NDUFS3,NDUFAF3,0.999
NDUFS3,NDUFS4,0.999
NDUFS3,NDUFA11,0.999
NDUFS3,NDUFA1,0.999
NDUFS3,NDUFB9,0.999
MT-ND5,NDUFA6,0.999
MT-ND5,NDUFA5,0.999
PPP3CA,NFATC1,0.999
NDUFS3,NDUFV1,0.999
NDUFS3,MT-ND1,0.999
NDUFS3,MT-ND2,0.999
ATP4A,ATP4B,0.999
MT-ND5,NDUFA11,0.999
MT-ND5,NDUFV1,0.999
MT-ND5,MT-ND2,0.999
NDUFV2,NDUFA3,0.999
NDUFV2,MT-ND1,0.999
NDUFV2,NDUFV1,0.999
NDUFV2,MT-ND2,0.999
PPARG,NCOR2,0.999
NDUFA8,NDUFA13,0.999
NDUFA8,NDUFB6,0.999
TSEN2,TSEN15,0.999
NDUFS5,NDUFB6,0.999
NDUFS3,MT-ND4,0.999
NDUFS3,NDUFV3,0.999
NDUFS3,NDUFB10,0.999
NDUFS3,NDUFS2,0.999
NDUFS3,NDUFS5,0.999
NDUFS3,NDUFB6,0.999
NDUFS3,NDUFA7,0.999
NDUFS3,NDUFA3,0.999
NDUFS3,MT-ND4L,0.999
NDUFS3,NDUFA12,0.999
NDUFS3,NDUFS6,0.999
NDUFS3,NDUFA6,0.999
NDUFS3,NDUFB11,0.999
NDUFS3,NDUFB8,0.999
NDUFS3,NDUFA9,0.999
NDUFS3,MT-ND5,0.999
NDUFS3,NDUFV2,0.999
NDUFS3,NDUFS1,0.999
NDUFS3,NDUFAB1,0.999
NDUFS3,NDUFB3,0.999
NDUFS3,MT-ND6,0.999
NDUFC2,NDUFS5,0.999
NDUFC2,NDUFA8,0.999
NDUFC2,NDUFS8,0.999
MT-ND1,MT-ND4,0.999
MT-ND1,NDUFA13,0.999
NDUFA9,MT-ND3,0.999
NDUFA9,MT-ND4,0.999
NDUFA9,NDUFA13,0.999
NDUFA9,NDUFC2,0.999
NDUFB10,NDUFB2,0.999
NDUFB10,NDUFA12,0.999
NDUFB10,MT-ND2,0.999
NDUFB10,NDUFV1,0.999
NDUFA9,NDUFV2,0.999
MT-ND4,NDUFB3,0.999
STRN,STK24,0.999
BCL2L11,BCL2,0.999
NDUFS3,NDUFA5,0.999
HDAC4,NCOR2,0.999
NDUFS3,NDUFC2,0.999
NDUFS3,NDUFA13,0.999
NDUFS3,MT-ND3,0.999
NDUFS3,NDUFA8,0.999
NDUFS3,NDUFS8,0.999
NDUFA12,MT-ND3,0.999
NDUFA12,NDUFV3,0.999
NDUFA12,NDUFS5,0.999
NDUFA12,NDUFS2,0.999
NDUFA12,NDUFA8,0.999
NDUFA12,NDUFA5,0.999
NDUFA12,MT-ND5,0.999
NDUFA12,NDUFC1,0.999
NDUFA12,NDUFS1,0.999
NDUFA8,NDUFA6,0.999
NDUFV2,NDUFB3,0.999
NDUFV2,NDUFA13,0.999
NDUFV2,MT-ND3,0.999
NDUFV2,MT-ND4,0.999
NDUFV2,NDUFA12,0.999
NDUFV2,NDUFA6,0.999
NDUFV2,NDUFA5,0.999
NDUFV2,MT-ND5,0.999
NDUFV2,NDUFA1,0.999
NDUFV2,NDUFA11,0.999
MT-ND4,NDUFS1,0.999
NDUFB6,NDUFB3,0.999
NDUFC2,NDUFAB1,0.999
NDUFC2,NDUFB3,0.999
NDUFC2,NDUFA13,0.999
NDUFA8,NDUFB1,0.999
NDUFA8,NDUFA11,0.999
NDUFA12,NDUFB6,0.999
NDUFA12,NDUFA11,0.999
NDUFA12,NDUFA1,0.999
NDUFA12,NDUFA3,0.999
NDUFA12,NDUFV1,0.999
NDUFA12,MT-ND1,0.999
NDUFA12,MT-ND2,0.999
NDUFA12,NDUFA6,0.999
NDUFC2,NDUFS4,0.999
NDUFC2,NDUFV1,0.999
NDUFC2,MT-ND2,0.999
NDUFC2,NDUFS2,0.999
NDUFA8,NDUFA5,0.999
NDUFA8,NDUFAB1,0.999
NDUFA8,NDUFS1,0.999
NDUFA8,NDUFB3,0.999
NDUFC2,NDUFB6,0.999
NDUFC2,NDUFB1,0.999
NDUFC2,NDUFC1,0.999
NDUFC2,NDUFV2,0.999
NDUFA12,NDUFAB1,0.999
NDUFA12,NDUFB3,0.999
NDUFA12,NDUFA13,0.999
NDUFB6,NDUFA13,0.999
NDUFA9,NDUFS2,0.999
NDUFB6,NDUFS1,0.999
NDUFB6,NDUFAB1,0.999
NDUFB6,NDUFA5,0.999
NDUFB6,NDUFA6,0.999
NDUFB6,NDUFV1,0.999
NDUFB6,NDUFA3,0.999
IDE,INS,0.999
NDUFA9,NDUFA11,0.999
NDUFA9,NDUFS4,0.999
NDUFA9,NDUFA7,0.999
NDUFC2,NDUFA7,0.999
MT-ND1,MT-ND5,0.999
MT-ND1,NDUFA5,0.999
MT-ND1,NDUFA6,0.999
BAK1,BCL2,0.999
MT-ND5,NDUFA1,0.999
NDUFA12,NDUFA4,0.999
NDUFA12,MT-ND4,0.999
NDUFA9,MT-ND5,0.999
NDUFA9,NDUFA5,0.999
NDUFA9,NDUFA6,0.999
NDUFA9,NDUFS6,0.999
NDUFB10,NDUFB9,0.999
NDUFB10,NDUFA11,0.999
NDUFA9,NDUFA12,0.999
NDUFA9,MT-ND2,0.999
NDUFA9,NDUFV1,0.999
NDUFA9,MT-ND1,0.999
NDUFA9,NDUFA3,0.999
NDUFA9,NDUFB9,0.999
NDUFB10,NDUFS5,0.999
NDUFB10,NDUFS2,0.999
NDUFB10,NDUFV3,0.999
NDUFA9,NDUFB1,0.999
NDUFA9,NDUFB6,0.999
NDUFA9,NDUFS8,0.999
NDUFA9,NDUFA8,0.999
NDUFA9,NDUFS5,0.999
NDUFA9,NDUFB10,0.999
NDUFA9,NDUFV3,0.999
NDUFA9,NDUFB3,0.999
NDUFA9,NDUFS1,0.999
NDUFA9,NDUFAB1,0.999
NDUFB6,NDUFA11,0.999
NDUFB6,NDUFB1,0.999
NDUFA9,NDUFB11,0.999
NDUFA9,NDUFB8,0.999
MT-ND2,NDUFA5,0.999
NDUFC1,NDUFAB1,0.999
NDUFC1,NDUFA6,0.999
NDUFA6,NDUFB1,0.999
NDUFA6,NDUFV1,0.999
NDUFB11,NDUFA3,0.999
NDUFB11,MT-ND2,0.999
NDUFB11,NDUFB3,0.999
NDUFB11,NDUFV2,0.999
NDUFB11,NDUFAB1,0.999
NDUFB9,NDUFA1,0.999
NDUFB11,NDUFS1,0.999
NDUFS8,NDUFA5,0.999
NDUFS8,MT-ND5,0.999
NDUFS8,NDUFAF3,0.999
NDUFS8,NDUFA11,0.999
NDUFS8,NDUFA1,0.999
NDUFS8,NDUFA3,0.999
NDUFB4,NDUFV1,0.999
NDUFB4,MT-ND5,0.999
NDUFB4,NDUFC1,0.999
NDUFB4,NDUFV2,0.999
NDUFB4,NDUFS1,0.999
NDUFB4,NDUFAB1,0.999
MT-ND2,NDUFA13,0.999
MAGI2,PTEN,0.998
NDUFC1,NDUFV1,0.998
NDUFB6,NDUFC1,0.998
NDUFA9,NDUFA1,0.998
NDUFC2,NDUFA11,0.998
NDUFS3,NDUFB1,0.998
NDUFA12,MT-ND4L,0.998
ADAMTSL3,ASTN2,0.998
IRS2,PIK3R1,0.998
MT-ND1,NDUFA11,0.998
MT-ND1,NDUFA3,0.998
BAK1,BCL2L11,0.998
NDUFC2,NDUFV3,0.998
NDUFC2,MT-ND5,0.998
NDUFC2,NDUFA1,0.998
MT-ND1,NDUFB6,0.998
NDUFA1,NDUFC1,0.998
NDUFS4,MT-ND4L,0.998
MT-ND6,NDUFV1,0.998
NDUFAF2,NDUFA12,0.998
NDUFB5,NDUFB2,0.998
NDUFB10,MT-ND4L,0.998
NDUFV2,NDUFB1,0.998
NDUFV2,MT-ND4L,0.998
IL13RA1,TYK2,0.998
NDUFV3,MT-ND1,0.998
MT-ND5,NDUFA3,0.998
NDUFV3,MT-ND4,0.998
NDUFA8,NDUFC1,0.998
NDUFS5,NDUFB1,0.998
BMF,BCL2,0.998
NDUFB9,NDUFB1,0.998
IRS2,IGF1R,0.998
IRS2,INS,0.998
MT-ND4L,NDUFA6,0.998
MT-ND4L,NDUFA8,0.998
MT-ND4L,NDUFA13,0.998
MT-ND3,NDUFA1,0.998
NDUFV3,MT-ND5,0.998
NDUFV3,NDUFB2,0.998
MGAM,AMY2A,0.998
NDUFB4,MT-ND2,0.998
NDUFB7,MT-ND4L,0.998
NDUFB7,NDUFB1,0.998
NDUFB7,NDUFC1,0.998
SORT1,BDNF,0.998
SSPN,DMD,0.998
NDUFA2,MT-ND4L,0.998
NDUFA5,NDUFB1,0.998
NDUFA5,NDUFB2,0.998
NDUFA7,MT-ND5,0.998
NDUFA7,MT-ND4,0.998
NDUFA7,NDUFB1,0.998
NDUFA7,MT-ND1,0.998
NDUFA10,NDUFC1,0.998
NDUFS1,NDUFC1,0.998
NDUFA7,MT-ND2,0.998
NDUFB8,NDUFC1,0.998
NDUFV3,MT-ND2,0.998
NOTCH2,RBPJ,0.998
PNLIP,LIPF,0.998
RBPJ,NCOR2,0.998
MT-ND3,NDUFA11,0.998
NDUFA13,NDUFB1,0.998
NDUFB2,NDUFC1,0.998
NDUFB2,NDUFB1,0.998
MT-ND4L,NDUFS1,0.998
NDUFC2,NDUFA3,0.998
NDUFB9,MT-ND4L,0.998
NDUFB9,NDUFC1,0.998
MT-ND6,NDUFAB1,0.998
MGAM2,AMY2A,0.998
NDUFS6,MT-ND4L,0.998
NDUFS6,NDUFB1,0.998
NDUFS7,MT-ND6,0.998
MT-ND2,NDUFB6,0.998
CTTNBP2,STRN,0.997
NDUFV3,MT-ND3,0.997
NDUFB4,MT-ND3,0.997
MT-ND2,NDUFC1,0.997
MT-ND3,NDUFC1,0.997
MT-ND3,NDUFB6,0.997
NDUFB11,NDUFC1,0.997
NDUFB11,MT-ND3,0.997
NDUFA12,NDUFB1,0.997
NDUFS3,NDUFC1,0.997
MT-ND6,NDUFA3,0.997
MT-ND6,NDUFA1,0.997
NDUFB6,NDUFB2,0.997
NDUFC2,NDUFS1,0.997
ITIH4,SCD5,0.997
NDUFS6,NDUFB2,0.997
NDUFA8,NDUFB2,0.997
NDUFB10,NDUFC1,0.997
NDUFB11,NDUFB2,0.997
NDUFV3,NDUFB1,0.997
NDUFS8,NDUFC1,0.997
NDUFS8,MT-ND6,0.997
MT-ND2,NDUFA3,0.997
NDUFB5,MT-ND3,0.997
NDUFS7,MT-ND4L,0.997
MT-ND2,NDUFS5,0.997
NDUFA13,NDUFC1,0.997
MT-ND4,NDUFA3,0.997
MT-ND5,NDUFB2,0.997
MT-ND2,NDUFB1,0.997
IRS1,IRS2,0.997
NDUFB2,NDUFA13,0.997
CCND1,ESR1,0.997
INSR,IGF1R,0.997
MT-ND2,NDUFA1,0.997
NDUFB5,MT-ND1,0.997
NDUFV2,NDUFB2,0.997
NDUFS4,NDUFC1,0.997
PTEN,PIK3R1,0.997
NDUFA10,MT-ND1,0.997
MED27,MED23,0.997
NDUFAF1,MT-ND2,0.997
NDUFA10,MT-ND6,0.997
NDUFA10,MT-ND5,0.997
NDUFA11,NDUFC1,0.997
NDUFA11,NDUFB1,0.997
NDUFA7,MT-ND3,0.997
NDUFS2,NDUFC1,0.997
NDUFS7,NDUFC1,0.997
SCARB2,TLR4,0.996
GRB14,INSR,0.996
NDUFA12,NDUFB2,0.996
NDUFC2,NDUFB2,0.996
NDUFC2,MT-ND3,0.996
MT-ND4L,NDUFB6,0.996
NDUFS7,NDUFB1,0.996
NDUFS1,NDUFB1,0.996
NDUFB8,NDUFA4,0.996
NDUFAF1,MT-ND1,0.996
NDUFS4,NDUFB1,0.996
NDUFAF2,NDUFS4,0.996
NDUFB5,MT-ND6,0.996
NDUFB5,NDUFA4,0.996
NDUFS4,NDUFB2,0.996
NCOR2,PPARA,0.996
NDUFA11,NDUFB2,0.996
NDUFS3,NDUFB2,0.996
NDUFS7,NDUFAF1,0.996
NDUFS7,NDUFB2,0.996
ACVR2A,ACVR1C,0.996
IGF2BP2,HMGA2,0.996
HSPA4,TLR4,0.996
NDUFA3,NDUFB1,0.996
NDUFS2,NDUFB1,0.996
NDUFB2,NDUFV1,0.996
DMD,SNTB1,0.996
NDUFS2,NDUFB2,0.996
NDUFA3,NDUFB2,0.996
MT-ND3,NDUFS5,0.996
NDUFS8,NDUFB2,0.996
NDUFB4,MT-ND1,0.996
GRB10,IGF1R,0.996
CTTNBP2,STK24,0.995
NDUFS4,MT-ND6,0.995
MT-ND4,NDUFC1,0.995
NDUFA9,MT-ND6,0.995
NDUFA9,NDUFB2,0.995
NDUFAF4,NDUFS5,0.995
NDUFA4,NDUFA5,0.995
ACVR2A,INHBB,0.995
NDUFAF3,NDUFS5,0.995
MT-ND5,NDUFC1,0.995
NDUFC2,MT-ND1,0.995
MT-ND6,NDUFS1,0.995
NDUFB1,NDUFV1,0.995
NDUFS5,NDUFB2,0.995
ATP5F1E,ATP5MC1,0.995
NDUFS3,NDUFAF4,0.995
NDUFA4,NDUFA1,0.995
NDUFAF1,NDUFA8,0.995
PCBD1,HNF1A,0.995
NDUFA10,NDUFB1,0.995
MT-ND6,NDUFS2,0.995
NDUFC1,NDUFB1,0.995
MT-ND6,NDUFB6,0.995
NDUFV2,MT-ND6,0.995
NDUFS5,NDUFC1,0.995
TAL1,LDB2,0.995
APOE,APOA4,0.995
ZC3H13,MED23,0.995
TH,DDC,0.995
NDUFS8,NDUFB1,0.995
NDUFB9,NDUFA4,0.995
NDUFS1,NDUFB2,0.995
NDUFAF1,MT-ND3,0.995
NDUFB8,NDUFB1,0.995
ALDH2,ADH1B,0.995
MT-ND1,NDUFC1,0.995
MED27,QKI,0.994
MT-ND3,NDUFB2,0.994
PIK3R1,IGF1R,0.994
ESR1,PIK3R1,0.994
ZC3H13,MED27,0.994
CCND1,CDKN1C,0.994
NDUFA4,NDUFB3,0.994
MT-ND1,NDUFB2,0.994
ANGPTL4,LPL,0.994
CCND2,CDKN1C,0.994
NEUROD1,TCF12,0.994
QKI,MED23,0.994
MT-ND4,NDUFB2,0.994
TBC1D4,AKT2,0.994
MT-ND2,NDUFB2,0.994
ATP1B2,ATP1A2,0.993
NDUFA2,MT-ND6,0.993
SMAD3,MYC,0.993
MAST2,PTEN,0.993
NDUFB5,NDUFAF1,0.993
NDUFA9,MT-ND4L,0.993
BOC,PTCH1,0.993
NDUFA9,NDUFC1,0.993
SI,AMY2A,0.993
MT-ND6,NDUFA11,0.993
NCOR2,ESR1,0.993
NDUFA7,NDUFA4,0.993
NDUFB4,NDUFA4,0.993
MT-ND6,NDUFA13,0.993
MT-ND5,NDUFB1,0.992
CFTR,GOPC,0.992
MT-ND6,NDUFA8,0.992
FGFR4,KL,0.992
NDUFAF2,NDUFS8,0.992
NDUFAF2,NDUFV2,0.992
TCF4,TCF12,0.992
NDUFAF2,NDUFS1,0.992
FXR1,FMR1,0.992
IRS1,MTOR,0.992
NR2F1,BCL11B,0.991
NDUFV3,MT-ND6,0.991
NDUFB8,MT-ND6,0.991
NDUFV2,NDUFA4,0.991
NDUFA4,NDUFB6,0.991
NDUFS2,NDUFAF4,0.991
IL1B,IL10,0.991
RAMP3,RAMP2,0.991
ACVR1C,INHBB,0.991
DNMT3A,MYC,0.991
NDUFB5,MT-ND4L,0.991
MT-ND3,NDUFB1,0.991
DRD2,CNR1,0.99
NDUFA10,MT-ND4L,0.99
NDUFAF2,NDUFV1,0.99
NDUFS4,NDUFA4,0.99
WIPI1,ATG16L1,0.99
CCND2,RBL2,0.99
TLR4,TRAF3,0.99
SSPN,DTNA,0.99
NDUFA4,NDUFB2,0.99
RSPO3,ZNRF3,0.99
NDUFA4,NDUFAB1,0.99
GDF6,BMPR1B,0.989
CCND1,CDKN2C,0.989
NDUFA4,NDUFA13,0.989
HTT,PRPF40A,0.989
NDUFS8,NDUFA4,0.989
MT-ND6,NDUFA5,0.989
NDUFS3,NDUFA4,0.989
NDUFAF1,NDUFS2,0.989
NDUFB8,MT-ND4L,0.989
GCK,G6PC2,0.989
NDUFB10,NDUFA4,0.989
NDUFA4,NDUFA8,0.989
NDUFC2,MT-ND6,0.989
SGCG,SSPN,0.989
NDUFAF1,NDUFAF4,0.988
NDUFB11,MT-ND6,0.988
KDM2B,BCORL1,0.988
DMD,DTNA,0.988
MRPL11,NDUFAB1,0.988
DCN,TLR4,0.988
NDUFAF1,MT-ND5,0.988
HNF4A,HNF1A,0.988
NDUFB4,MT-ND4L,0.988
MT-ND4L,NDUFA3,0.988
NDUFA10,NDUFA4,0.988
NDUFA4,NDUFS2,0.988
NDUFA4,NDUFV1,0.988
MT-ND1,NDUFB1,0.988
IGF2BP1,MYC,0.988
TRAF3IP2,TRAF3,0.988
NDUFB9,MT-ND6,0.988
NDUFA9,NDUFA4,0.988
INSR,PIK3R1,0.988
NDUFS8,NDUFAF4,0.988
NDUFB11,MT-ND4L,0.988
NDUFC2,NDUFA4,0.988
NDUFB10,MT-ND6,0.988
NDUFA12,MT-ND6,0.988
NDUFS6,MT-ND6,0.988
NDUFS6,NDUFA4,0.988
NDUFAF1,NDUFB6,0.987
NDUFAF1,NDUFS6,0.987
NDUFB4,MT-ND6,0.987
NDUFB7,MT-ND6,0.987
MT-ND4L,NDUFC1,0.987
NDUFAF2,NDUFAF4,0.987
NDUFAF1,NDUFV1,0.987
NDUFAF2,NDUFS2,0.987
NDUFB11,NDUFA4,0.987
MT-ND6,NDUFA6,0.987
ACVR2A,BMPR1B,0.987
MT-ND6,NDUFC1,0.987
NDUFV3,MT-ND4L,0.987
PCBD1,TH,0.987
IL12B,IL23R,0.986
MT-ND6,NDUFB3,0.986
MT-ND4L,NDUFB3,0.986
NDUFAF1,NDUFS8,0.986
MT-ND4L,NDUFA1,0.986
IL1B,TLR4,0.986
NDUFA4,NDUFA3,0.986
DDX58,TRAF3,0.986
NDUFAF1,NDUFA6,0.985
NDUFAF1,NDUFB9,0.985
NDUFA10,NDUFAF1,0.985
NDUFS7,NDUFAF2,0.985
MT-ND4L,NDUFS5,0.985
NDUFC2,MT-ND4L,0.985
LEP,INS,0.985
NDUFAF1,NDUFAB1,0.985
MGAM2,MGAM,0.985
NDUFAF1,NDUFB10,0.985
NDUFAF1,NDUFS4,0.985
NDUFAF1,NDUFV2,0.985
NDUFA7,MT-ND6,0.984
NDUFAF1,NDUFB3,0.984
NDUFA2,NDUFAF2,0.984
HDAC4,MEF2C,0.984
NDUFS6,NDUFAF2,0.984
SGCG,DMD,0.984
MT-ND4L,NDUFA11,0.984
GDF7,BMPR1B,0.984
IGF2BP3,IGF2BP1,0.984
NDUFA4,NDUFB1,0.984
NDUFAF1,NDUFA1,0.984
ANK1,TTN,0.984
TLE1,TLE4,0.983
NDUFA4,NDUFS1,0.983
TFEB,MTOR,0.983
INSR,GRB10,0.983
NDUFS7,NDUFA4,0.983
SMAD3,SKI,0.983
NDUFA2,NDUFAF1,0.983
NDUFAF1,NDUFB8,0.983
AGTR2,AGTR1,0.982
MRPL11,MRPS30,0.982
KDM5A,ARNTL,0.982
NDUFS3,NDUFAF2,0.982
PPARG,SREBF1,0.982
NDUFA4,NDUFC1,0.982
APOE,LPL,0.982
NDUFA7,MT-ND4L,0.982
NDUFA4,NDUFS5,0.982
ESR1,MYC,0.982
NDUFB7,NDUFA4,0.982
AP3B1,AP3S2,0.981
MAP2K7,MAP3K1,0.981
RBL2,PPP1R3A,0.981
COMT,DDC,0.981
NDUFAF4,NDUFA5,0.981
LIPC,LIPF,0.98
FST,INHBB,0.98
NDUFAF1,MT-ND4,0.98
APOE,ABCA1,0.98
NDUFA4,NDUFA11,0.98
NEUROG3,PAX4,0.98
NOS2,ARG1,0.98
NDUFAF1,NDUFA5,0.979
AKT2,PIK3R1,0.979
ACVR2A,SMAD3,0.979
IL23R,TYK2,0.979
NDUFAF1,NDUFC1,0.979
PIK3R1,PLCG2,0.979
NFATC2,NFATC1,0.979
NDUFA4,NDUFV3,0.979
NDUFAF1,NDUFA7,0.978
FXYD2,ATP1A2,0.978
PRKN,UBE2E2,0.978
NDUFAF1,NDUFV3,0.978
NDUFAF1,NDUFA3,0.978
CTBP1,TCF7L2,0.977
NDUFAF1,NDUFB2,0.977
RPTOR,AKT2,0.976
MT-ND6,NDUFB1,0.976
NDUFAF1,NDUFA9,0.976
NDUFAF1,NDUFA11,0.976
TFEB,MITF,0.976
EBF1,TET2,0.976
NDUFB4,NDUFAF1,0.976
NDUFB9,NDUFAF2,0.976
PPP3CA,NFATC2,0.975
MT-ND4L,NDUFB2,0.975
NDUFAF1,NDUFC2,0.975
LIN7A,PATJ,0.975
WIPI1,TECPR1,0.974
ACE,AGTR1,0.974
NDUFB7,NDUFAF1,0.974
MT-ND6,NDUFB2,0.974
NDUFAF2,NDUFV3,0.974
FANCL,UBE2W,0.974
CCND1,CDKN2B,0.974
IL1B,PTGS2,0.974
CPA1,CTRB1,0.973
GIGYF1,GRB10,0.973
NDUFAF2,MT-ND1,0.973
KCNQ1,SCN5A,0.973
PRIM1,REV3L,0.972
IL2RA,IL10,0.972
DDC,AOC1,0.972
PTCH1,GLI2,0.972
KIF11,PRC1,0.972
APOE,LPA,0.971
NDUFAF2,NDUFB8,0.971
LIPF,LPL,0.971
HSPA4,PRKN,0.971
NDUFAF2,MT-ND3,0.97
IL23R,IL10,0.97
SPRY2,BRAF,0.97
IL1B,HMGB1,0.97
CCND1,CDC25A,0.97
CTBP1,RBPJ,0.969
HHIP,PTCH1,0.969
CCND1,MYC,0.969
ACVR2A,GDF7,0.969
MAEA,WDR26,0.969
NOTCH2,MAML2,0.968
PCGF3,ZNRF3,0.968
NDUFAF2,NDUFA1,0.968
NDUFAF2,NDUFA5,0.968
PDX1,FOXA2,0.968
CTBP1,KLF8,0.968
MTOR,AKT2,0.967
NEUROG3,ONECUT1,0.967
GBA2,ASAH1,0.967
CHMP4B,SNF8,0.967
DNMT3A,UHRF1,0.967
USP28,FBXW7,0.966
ATP1B2,FXYD2,0.966
NOTCH2,MAML3,0.966
USP28,MYC,0.966
MTOR,IRS2,0.966
FGFR3,KL,0.966
CCND1,RBL2,0.966
PDX1,INS,0.966
CDKN2B,MYC,0.966
DPP4,GLP1R,0.965
GCK,PDX1,0.965
NDUFAF2,NDUFAF3,0.965
NDUFAF2,MT-ND4,0.965
ISL1,LDB2,0.965
MRAS,BRAF,0.965
PPARG,MTOR,0.964
RAMP3,RAMP1,0.964
NDUFA4,MT-ND1,0.964
NLGN1,NRXN3,0.964
CCND2,CDKN2C,0.963
RAMP2,RAMP1,0.963
NDUFAF1,NDUFA4,0.963
NDUFAF2,NDUFA6,0.963
SMAD3,HMGA2,0.963
IRS1,LEP,0.963
ONECUT1,FOXA2,0.963
ACVR1C,SMAD3,0.963
PCM1,PCNT,0.963
CCND2,CDKN2B,0.962
BMP8A,BMPR1B,0.962
ACADS,PCCB,0.962
NDUFA4,MT-ND3,0.961
GCK,SLC2A2,0.961
ACVR2A,GDF6,0.961
ERBB4,ESR1,0.961
NDUFAF2,MT-ND5,0.961
ZFPM2,PIK3R1,0.961
HNF1A,HNF1B,0.961
NDUFA4,MT-ND4,0.961
ACVR2A,BMP8A,0.96
MT-ND4L,NDUFB1,0.96
DDX58,IFIH1,0.96
PPP2R2A,PPP3CA,0.96
IRS1,SOCS2,0.96
NDUFV2,NDUFAF4,0.96
NDUFAF1,NDUFAF2,0.959
NDUFAF2,NDUFA7,0.959
RPTOR,TFEB,0.959
ETS2,ETS1,0.958
IL10,TYK2,0.958
CCND1,BCL2,0.958
NDUFS6,NDUFAF4,0.958
NDUFS4,NDUFAF4,0.958
NDUFAF1,NDUFAF6,0.958
HSPA4,HTT,0.958
LIPC,LPL,0.957
NDUFAF2,MT-ND2,0.957
NDUFB7,NDUFAF2,0.957
P2RY1,P2RY12,0.957
HNF4A,SMAD3,0.957
PTPN22,PSTPIP1,0.957
PTEN,PIP4K2A,0.957
VPS37D,UBAP1,0.956
GAA,AMY2A,0.956
CDKN1B,AKT2,0.956
MT-ND1,NDUFAF4,0.956
NDUFAF2,NDUFB3,0.956
HMGCR,SREBF1,0.956
HSD17B12,CYP19A1,0.956
CDKN1B,CDKN2C,0.956
PNPLA3,LIPC,0.956
ONECUT1,HNF1B,0.956
MTOR,PIK3R1,0.956
NDUFAF2,NDUFA13,0.955
CCND2,CDC25A,0.955
BACH2,MAFF,0.955
RUNX3,ZFHX3,0.955
BCL2,MYC,0.955
KCNQ1,KCNJ12,0.954
ST8SIA4,NCAM1,0.954
SMAD3,RUNX3,0.954
NDUFAF3,NDUFA5,0.954
SLC2A2,HNF1A,0.954
SMAD3,BMPR1B,0.954
IL1B,IL13,0.953
HCN4,SCN5A,0.953
NDUFAF4,NDUFA1,0.953
NDUFA2,NDUFAF3,0.953
NDUFAF4,NDUFV1,0.953
PIK3C2B,PIK3R1,0.953
KDM4B,JMJD1C,0.952
NDUFA2,NDUFAF4,0.952
IL13,IL10,0.952
PPP2R3A,PPP2R2A,0.951
IFNLR1,TYK2,0.951
GSE1,HMG20A,0.951
ARG1,NOS1,0.951
NDUFB5,NDUFAF4,0.951
NDUFAF4,NDUFS1,0.951
CTBP1,ZEB2,0.951
KCNQ1,ADCY9,0.95
KCNQ1,SLC12A2,0.95
CDC25A,MYC,0.95
CTBP1,PSAT1,0.95
NDUFAF2,NDUFA8,0.95
CNTN2,NCAM1,0.95
PPARG,SMAD3,0.95
AKT2,BCL2,0.95
NDUFAF1,NDUFB1,0.949
NDUFA4,MT-ND2,0.949
SORT1,CELSR2,0.949
GCK,ABCC8,0.949
CTRB2,CTRB1,0.949
ADRA1B,ADRA1D,0.949
NDUFB10,NDUFAF2,0.948
SNF8,UBAP1,0.948
NDUFA4,MT-ND5,0.948
PPARG,LEP,0.948
ERBB4,PIK3R1,0.948
ACE,AGTR2,0.948
INHBB,BMPR1B,0.948
NPC1,GP2,0.948
PNPLA3,PNLIP,0.948
PIK3R1,GRB10,0.948
NDUFS6,NDUFAF3,0.948
SOS2,MRAS,0.948
STRN,ESR1,0.947
NDUFAF3,MT-ND1,0.947
TAL1,TCF4,0.947
NDUFS4,NDUFAF3,0.947
PTGS1,PTGS2,0.946
FGFR4,INS,0.946
YKT6,SEC22A,0.946
SNTB1,DTNA,0.946
NDUFAF4,NDUFA3,0.946
CDKN1B,CDKN1C,0.946
KL,IGF1R,0.946
DNMT3A,TET2,0.946
GCK,INS,0.945
NEUROD1,PAX4,0.945
INS,GRB10,0.945
HDAC4,SMAD3,0.944
PCNT,CEP192,0.944
ITGA1,ITGA11,0.944
PPARG,INS,0.944
SCN4A,SCN2A,0.944
LAMC1,LAMA1,0.944
MC4R,FTO,0.944
MC4R,LEP,0.944
VPS37D,SNF8,0.943
SI,GAA,0.943
PTEN,BRAF,0.943
APOE,LIPC,0.943
PLXND1,NRP2,0.943
TLR4,IL10,0.943
DRD4,DRD3,0.943
MRPS30,NDUFAB1,0.943
NDUFAF2,MT-ND6,0.943
DACH1,EYA1,0.942
CCND1,CCND2,0.942
NOS2,AKT2,0.942
NDUFAF3,NDUFV2,0.942
G6PC2,HK1,0.942
SLC2A2,INS,0.942
GAA,MGAM,0.942
DRD4,COMT,0.942
MTOR,PTEN,0.942
LDB2,LHX2,0.941
NDUFA12,NDUFAF4,0.941
PPARG,LPL,0.941
NDUFAF2,NDUFAB1,0.941
GRM8,GRM4,0.941
PIK3C2B,PTEN,0.941
SI,MGAM2,0.941
PNPLA3,LPL,0.94
OASL,IFIH1,0.94
CAMK2G,CAMK2B,0.94
PPP1R3A,PPP1R3B,0.94
NOS2,NOS1,0.939
CPA1,CTRB2,0.939
MON1B,RMC1,0.939
ALDH2,AOC1,0.939
EBF1,LHX2,0.938
NDUFAF3,NDUFV1,0.938
ERBB4,PLCG2,0.938
JAG1,RBPJ,0.938
GNPDA2,HK1,0.938
NDUFAF3,NDUFA1,0.938
DHFR2,TH,0.937
TLE1,TCF4,0.937
PPARG,RPTOR,0.937
NDUFAF4,NDUFA8,0.937
NT5C2,ADA,0.937
SOS2,FGFR3,0.937
MAML3,MAML2,0.937
CTBP1,HNF4A,0.936
NDUFB9,NDUFAF3,0.936
NDUFB8,NDUFAF3,0.936
UBE2E2,UBE2E3,0.936
ADH1B,COMT,0.936
PRKN,FBXW7,0.936
TBL2,MLXIPL,0.935
LIPC,PNLIP,0.935
HHEX,SLC30A8,0.934
MRAS,MAP3K1,0.934
CACNA1D,INS,0.934
ALDH2,GAD1,0.933
FGFR3,INS,0.933
YTHDC2,ZC3H13,0.932
ID4,TCF4,0.932
NDUFAF4,NDUFA11,0.932
HSD17B12,SCD5,0.932
HSPA4,ESR1,0.931
PDE3B,ENPP3,0.931
IRS1,KL,0.931
PTEN,PLCG2,0.931
NEUROD1,TCF4,0.931
GNPDA2,NEGR1,0.931
GCK,NEUROD1,0.93
CHMP4B,VPS37D,0.93
SMAD3,NFATC2,0.93
NDUFAF2,NDUFA11,0.93
NDUFB5,NDUFAF2,0.929
CHMP4B,UBAP1,0.929
MFHAS1,PPP1R3B,0.929
NDUFAF3,NDUFA11,0.929
DMD,NOS1,0.929
HNF4A,TCF7L2,0.928
DGKB,ADCY5,0.928
SOS2,RASGRP1,0.928
PNPLA3,SAMM50,0.928
IFNLR1,IL10,0.928
IRS2,SOCS2,0.928
ACSL1,LPL,0.928
ONECUT1,PDX1,0.928
NDUFAF3,MT-ND2,0.928
PPP2R2A,PPP2R2C,0.927
MT-ND2,NDUFAF4,0.927
NDUFB7,NDUFAF3,0.927
NDUFAF3,NDUFS1,0.927
BMPR1B,RGMA,0.927
CYP19A1,ESR1,0.927
SGCG,SNTB1,0.927
PTEN,MAGI1,0.926
NDUFB5,NDUFAF3,0.926
CDKAL1,SLC30A8,0.926
NDUFAF4,NDUFAF6,0.926
IRS2,KL,0.926
TRAF3,IFIH1,0.926
GTF2IRD1,GTF2I,0.926
TLR4,PIK3R1,0.925
CFTR,HSPA4,0.925
CDKAL1,HHEX,0.925
INS,PDGFC,0.925
MBOAT1,PISD,0.925
CTRB1,PNLIP,0.925
MT-ND3,NDUFAF4,0.924
NDUFAF4,NDUFB3,0.924
HCN4,SCN2A,0.924
CDKN1B,DTL,0.924
PDE4B,ENPP1,0.924
MBNL1,QKI,0.924
COMT,DRD2,0.924
NDUFB11,NDUFAF3,0.923
HNF4A,TLE1,0.923
NMI,MYC,0.923
XDH,NOS1,0.923
NDUFAF3,NDUFA6,0.923
PNPLA3,LIPF,0.922
IL10,CTLA4,0.922
MAGI2,MAGI1,0.922
KDM4B,ESR1,0.922
SOS2,FGFR4,0.922
MT-ND4,NDUFAF4,0.922
DCN,ERBB4,0.922
NDUFAF3,NDUFA3,0.922
CNR1,ADCY5,0.922
MGAM,HK1,0.922
PNLIP,LPL,0.922
HNF4A,MYC,0.921
MTOR,FBXW7,0.921
GUCY1B1,NOS1,0.921
PPP2R2A,BCL2,0.921
NDUFB10,NDUFAF4,0.921
PIP4K2A,PIK3R1,0.921
SCN5A,CAMK2B,0.92
IRS1,GRB10,0.92
MT-ND6,NDUFAF4,0.92
APOE,INS,0.92
CCND1,HDAC4,0.92
MRAS,PIK3R1,0.919
PPARD,NCOR2,0.919
COMT,BDNF,0.919
FRMD4A,CYTH1,0.919
PDE3B,PDE3A,0.919
JAG1,HEY2,0.918
KCNQ1,CDKN1C,0.918
INSR,SOCS2,0.918
PDE3B,AKT2,0.918
HMGCR,NPC1L1,0.918
CACNA1D,PPP3CA,0.918
CACNA1D,NOS1,0.918
NDUFAF4,NDUFAB1,0.918
PAX4,INS,0.918
SCARB2,TFRC,0.917
NDUFA12,NDUFA4L2,0.917
GCK,HK1,0.917
SI,HK1,0.917
ACTN1,MAGI1,0.917
GLP2R,GLP1R,0.916
PNPLA3,TM6SF2,0.916
ONECUT1,HNF1A,0.916
MGAM2,HK1,0.916
NCOR2,HDAC9,0.916
FGFR3,PLCG2,0.916
NDUFB11,NDUFAF4,0.915
GPD2,GPAT4,0.915
CAMK2B,NOS1,0.915
NDUFAF3,MT-ND3,0.915
PDE4B,ENPP3,0.914
DCAF5,DTL,0.914
IGF2BP2,FTO,0.914
NDUFA10,NDUFAF2,0.914
PACRG,PRKN,0.914
KLHL21,KLHL42,0.914
NDUFAF2,NDUFAF6,0.913
ENPP3,PDE1A,0.913
PPP2R3A,BCL2,0.912
GAA,HK1,0.912
PPP3CA,PLCG2,0.912
ADCY1,CNR1,0.912
INS,SLC30A8,0.912
INSR,KL,0.911
PCSK1,INS,0.911
PDE1A,ENPP1,0.911
NDUFC2,NDUFAF4,0.911
CTSH,BCL2,0.911
MTNR1B,ADCY5,0.911
NT5C2,ENPP3,0.91
HMGCR,PCSK9,0.91
NDUFB8,ATP5MC1,0.91
CFTR,SLC26A9,0.91
PLCG2,IGF1R,0.91
G6PC2,INS,0.91
ENPP3,ENPP1,0.909
INS,ABCC8,0.909
IGF2BP3,HMGA2,0.909
SLC5A2,DPP4,0.909
SLC5A2,GLP1R,0.909
SCARB2,PPARA,0.909
SI,MGAM,0.909
NADK2,ENPP1,0.909
GAD1,ADO,0.909
TLE4,TCF7L2,0.909
TLE4,TCF4,0.909
ENPP3,GUCY1B1,0.908
PTEN,MYC,0.908
PDE3A,ENPP1,0.908
NOS2,PTGS2,0.908
NDUFA9,NDUFAF2,0.908
HHEX,IGF2BP2,0.908
PDE8B,ENPP1,0.907
SLC12A2,ADCY9,0.907
NT5C2,ENPP1,0.907
BDNF,IGF1R,0.907
GUCY1B1,ENPP1,0.907
ACADS,ALDH2,0.906
NDUFA10,NDUFAF4,0.906
AKT2,NOS1,0.906
DGKD,LPL,0.906
PPP2R2C,BCL2,0.906
PIP4K2A,ACTN1,0.906
PDE3A,ENPP3,0.906
DPP4,INS,0.906
ACTN1,TTN,0.906
GAA,MGAM2,0.906
NDUFAF4,NDUFA6,0.905
SV2A,GP2,0.905
KLB,FGFR3,0.905
NDUFAF3,NDUFAF6,0.905
IL13,IL2RA,0.905
SREBF1,ABCA1,0.905
PDE8B,ENPP3,0.905
PDE3B,ENPP1,0.905
LDB2,ZFPM1,0.905
NDUFA4,NDUFA4L2,0.904
HCN4,HCN1,0.904
KDM5A,EMSY,0.904
PPP2R3A,DRD2,0.904
CAMK2B,PLCG2,0.904
NDUFAF1,MT-ND4L,0.904
DRD2,PPP2R2C,0.903
AK4,ENPP1,0.903
IRS1,ESR1,0.903
PPP2R2A,DRD2,0.903
GLP1R,INS,0.903
HMGA1,HMGA2,0.902
CTBP1,TLE1,0.902
AK4,ENPP3,0.902
NDUFA7,NDUFAF3,0.901
GCK,HNF1A,0.901
BMF,BCL2L11,0.901
REEP3,JMJD1C,0.901
NADK2,ENPP3,0.901
NDUFS3,NDUFAF6,0.901
CDKN1B,DCAF5,0.901
CTBP1,BCORL1,0.901
ADCY9,CNR1,0.9
NDUFAF2,NDUFC1,0.9
SLX4,FANCL,0.9
MLXIPL,SREBF1,0.9
RBPJ,HEY2,0.9
DGKB,LPL,0.9
HSPA4,BCL2,0.899
NEUROG3,RFX6,0.899
FOXA2,HNF1A,0.899
CPA1,PNLIP,0.899
NDUFAF3,NDUFAB1,0.899
NDUFAF1,MT-ND6,0.899
SLC5A1,SLC2A2,0.899
GCK,KCNJ11,0.899
RUNX3,TCF7L2,0.899
MEF2C,HDAC9,0.898
NDUFB9,NDUFAF4,0.898
NDUFAF2,NDUFB6,0.898
SF3B4,ZMAT5,0.898
CDKAL1,IGF2BP2,0.898
INS,PPARA,0.898
BCL2,ESR1,0.897
NDUFAF3,NDUFB3,0.897
NDUFA10,NDUFAF3,0.896
IL1B,INS,0.896
ISL1,NEUROG3,0.896
NDUFB11,NDUFAF2,0.895
NDUFAF4,NDUFB6,0.895
SAMM50,TOMM7,0.895
LHX2,CITED2,0.895
SREBF1,FBXW7,0.894
ARG1,IL10,0.893
MAGI2,NLGN1,0.893
PKD1,PRKD1,0.893
NDUFB4,NDUFAF2,0.892
PCBD1,HNF1B,0.892
NDUFAF3,NDUFA12,0.892
ACE,NR3C2,0.891
PAX4,HNF1A,0.891
LEP,IRS2,0.891
HUWE1,MYC,0.89
SLC30A8,TCF7L2,0.89
BDNF,SORCS2,0.89
SREBF1,INS,0.89
NDUFB8,NDUFAF4,0.889
PTGS1,MT-ND4,0.888
NDUFB4,NDUFAF4,0.888
AUTS2,PCGF3,0.888
SI,DPP4,0.887
PPARD,PPARA,0.887
BCKDHB,PCCB,0.887
LPA,APOA4,0.887
LEPR,INS,0.886
DNMT3A,TET1,0.886
HNF4A,SREBF1,0.886
SLC5A2,INS,0.885
SI,INS,0.885
DPP4,MGAM,0.885
SREBF1,PPARA,0.885
CCND2,BCL2,0.885
DCSTAMP,NFATC1,0.885
PTGS1,MT-ND4L,0.885
NEUROG3,NKX6-1,0.885
PTEN,FBXW7,0.884
PTGS1,MT-ND3,0.884
CDKAL1,TCF7L2,0.884
MTNR1B,DGKB,0.884
PRDM14,TET1,0.883
INS,MGAM,0.883
SHBG,INS,0.883
PTGS1,MT-ND5,0.883
RFX6,INS,0.882
MYC,TCF7L2,0.882
NEUROG3,NEUROD1,0.882
PTGS1,MT-ND2,0.882
LMX1B,PAX2,0.882
HMGCR,HMGA1,0.882
MTOR,INS,0.882
CPEB3,FMR1,0.881
MC4R,LEPR,0.881
PTGS1,MT-ND6,0.881
HHEX,TCF7L2,0.88
TFAP2B,CITED2,0.88
PTEN,IGF1R,0.88
GNPDA2,FTO,0.88
NDUFAF4,NDUFC1,0.88
PTGS1,MT-ND1,0.88
SSPN,SGCZ,0.879
CYP7B1,NR1H4,0.879
NEUROD1,INS,0.878
NDUFAF2,NDUFA3,0.878
CLCNKA,SLC12A3,0.878
ISL1,NKX6-1,0.877
SSPN,SNTB1,0.877
ABCA1,PPARA,0.877
NEUROG3,PDX1,0.876
CACNA1D,CACNA2D3,0.876
YKT6,VPS33B,0.876
CDC123,CAMK1D,0.876
APOE,ACE,0.876
SOS2,IRS1,0.876
ANK1,RBPJ,0.875
PPARG,ANGPTL4,0.875
ACE,DPP4,0.874
KCNJ11,INS,0.874
GNPDA2,MC4R,0.874
AP3S2,ARPIN,0.873
NDUFB4,NDUFAF3,0.873
MTOR,IGF1R,0.872
CDKAL1,FTO,0.872
LIPC,LPA,0.872
GNPDA2,SEC16B,0.872
PAX2,EYA1,0.872
ANK1,MAML3,0.872
NDUFAF3,NDUFV3,0.872
IL2RA,CTLA4,0.871
INS,HNF1A,0.871
MT-ND1,NDUFAF6,0.87
NDUFAF3,NDUFB6,0.87
CSF1,IL10,0.87
CTBP1,NCOR2,0.87
NDUFV3,NDUFAF4,0.87
GCK,MTNR1B,0.869
MED23,CCNH,0.869
IL1B,IL2RA,0.869
PTEN,INS,0.869
SMAD3,ZEB2,0.868
WT1,TET2,0.868
ONECUT1,HNF4A,0.867
HMGCR,ABCA1,0.866
SORT1,PCSK9,0.866
NEUROD1,SLC2A2,0.866
CEP120,PCNT,0.866
NDUFB7,NDUFAF4,0.865
RBPJ,MYC,0.865
DNAJC10,HSPA4,0.864
NDUFAF2,NDUFB2,0.864
PTPN22,CTLA4,0.864
ARNTL,PPARA,0.864
NDUFAF3,MT-ND4,0.864
CCND1,BRAF,0.864
HHEX,FTO,0.863
IGF2BP2,SLC30A8,0.863
SOX7,MSRA,0.863
ITGA1,LAMA1,0.862
SCARB2,PPARG,0.862
APOE,ERBB4,0.862
HNF4A,FOXA2,0.862
NKX6-1,SLC2A2,0.862
NDUFAF4,NDUFB2,0.861
MT-ND5,NDUFAF4,0.861
NDUFS7,NDUFAF6,0.861
NEGR1,FTO,0.86
TET1,TET2,0.86
GPD2,NDUFS8,0.86
CTBP1,LCORL,0.86
DTL,FBXO11,0.86
NDUFAF3,NDUFC1,0.86
MED23,TAF8,0.86
NEUROG3,INS,0.86
NDUFA7,NDUFAF4,0.859
YTHDC2,IGF2BP1,0.859
CDKN1B,CDKN2B,0.859
IL13RA1,IL10,0.859
CDKN2C,CDKN1C,0.858
NPC1,SREBF1,0.858
IL1B,PPARG,0.858
CDKAL1,KCNJ11,0.857
SHOC2,BRAF,0.857
DMD,TTN,0.857
HMGCR,PPARA,0.856
NEUROD1,HNF1A,0.856
WDR7,NCOR2,0.856
CTRB2,PNLIP,0.856
NDUFS4,NDUFAF6,0.856
CTRB1,AMY2A,0.856
PAX2,WT1,0.856
NDUFS3,ATP5MC1,0.855
MED27,CCNH,0.855
IRS1,RPTOR,0.855
TBC1D4,INS,0.855
CCND1,PTEN,0.855
CCND1,RUNX3,0.855
CDKN1B,MYC,0.855
IL1B,LEP,0.854
PRDM14,TET2,0.854
NEUROG3,SLC2A2,0.854
CTBP1,RREB1,0.853
MC4R,PCSK1,0.853
YTHDC2,IGF2BP2,0.853
INS,LPL,0.853
NKX6-1,PDX1,0.853
CTRB2,AMY2A,0.853
TCF4,TCF7L2,0.852
NDUFS8,NDUFAF6,0.852
TLE1,TCF7L2,0.852
YTHDC2,FTO,0.852
EBF1,TMTC1,0.852
ANK1,REL,0.852
IGF2BP3,IGF2BP2,0.851
TRAF3,TNFRSF11A,0.851
HNF4A,HNF1B,0.851
ATP5F1E,NDUFA2,0.851
BACH2,NCOR2,0.851
HSPA4,FAF1,0.85
GALNT3,C1GALT1,0.85
IL1B,UMOD,0.85
KIF11,DTL,0.85
ADRA1D,SNTB1,0.849
NKX6-1,ONECUT1,0.849
NDUFAF6,NDUFS1,0.849
ACE,INS,0.849
NDUFAF3,NDUFB2,0.848
SCN5A,SCN4A,0.848
PRKN,ZNF746,0.847
EBF2,TMTC1,0.847
ARF5,RAB11FIP4,0.847
AKT2,INS,0.846
APOE,IL1B,0.846
ARF5,COPB1,0.846
MC4R,NEGR1,0.845
ANK1,SCN5A,0.845
IL1B,BDNF,0.844
DRD2,SAG,0.844
KIF11,HHEX,0.844
ALDH2,PCCB,0.843
ANGPTL4,PPARA,0.843
PPARG,TET1,0.842
TYK2,SOCS2,0.842
PML,NCOR2,0.842
INS,ESR1,0.841
NDUFAF3,MT-ND5,0.841
DRD2,TH,0.841
DRD3,BDNF,0.841
ATP5F1E,NDUFA1,0.84
IGF2BP1,HMGA2,0.84
NDUFA2,TOMM7,0.84
MAGI2,MAST2,0.84
SMAD3,ESR1,0.84
ANKRD55,IFT52,0.84
KCNJ11,SLC30A8,0.84
KCNJ11,TCF7L2,0.839
LEP,PPARA,0.839
TANK,IFIH1,0.839
ZC3H13,FTO,0.839
HSPA4,MYC,0.839
SH2B3,TET2,0.839
SCN5A,SCN2A,0.838
TOX3,MAP3K1,0.838
PCGF3,BCORL1,0.838
FGFR4,NR1H4,0.837
NDUFAF4,NDUFB1,0.837
NKX6-1,INS,0.837
TH,BDNF,0.837
RUNX3,MYC,0.837
PPARA,LPL,0.836
PRDM14,FOXP1,0.836
ISL1,PAX4,0.836
YTHDC2,IGF2BP3,0.836
FXYD2,SLC12A3,0.836
LEP,SREBF1,0.836
HNF1A,ABCC8,0.835
CDKN2B,CDKN1C,0.835
TANK,DDX58,0.835
CDKN1B,PTEN,0.834
MNT,MYC,0.834
PDX1,HNF1A,0.834
HAUS6,CEP192,0.834
SREBF1,NR1H4,0.834
NDUFAF6,NDUFV1,0.833
KCNQ1,CDKAL1,0.833
LHX2,ROBO2,0.833
FMR1,TNRC6A,0.833
NDUFC2,NDUFAF2,0.833
EPC2,JAZF1,0.833
ADARB1,ADA,0.833
TENT5C,CEP192,0.832
MTNR1B,FAT3,0.831
MYBL2,RBL2,0.831
SORT1,LPL,0.831
APOE,BDNF,0.831
IL13,TYK2,0.831
TAL1,GFI1,0.831
RBPJ,RUNX3,0.83
PPARG,PTEN,0.83
SLC2A2,G6PC2,0.83
IL13,IL23R,0.83
SCARB2,ABCA1,0.83
ISL1,NEUROD1,0.83
HNF4A,RUNX3,0.829
KCNJ11,HNF1A,0.829
IGF2BP1,IGF2BP2,0.829
ATP5F1E,NDUFB9,0.828
LEP,LPL,0.828
SLC2A2,SLC5A2,0.828
IL12B,IL2RA,0.828
ADCY5,GIPR,0.828
ADCY9,ADCY5,0.827
NKX6-1,FOXA2,0.827
SLX4,WRN,0.826
PTEN,AKT2,0.826
IRS2,GRB10,0.826
SCARB2,ACSL1,0.826
ITGA11,LAMA1,0.826
GPD2,MBOAT1,0.825
IRS1,AKT2,0.825
NEUROD1,PDX1,0.825
BHMT,SARDH,0.825
NDUFA9,NDUFAF4,0.824
FGFR3,PIK3R1,0.824
NDUFB9,NDUFA4L2,0.824
TBL2,GTF2IRD1,0.824
HNF4A,NCOR2,0.824
INS,PIK3R1,0.824
NDUFA2,NDUFAF6,0.824
KSR2,BRAF,0.823
PDE3A,ADCY5,0.823
PPARG,EBF1,0.823
MC4R,SEC16B,0.823
HTT,BDNF,0.823
PDE3B,ADCY9,0.822
TAL1,ZFPM1,0.822
NDUFB8,NDUFA4L2,0.821
HHIP,GLI2,0.821
PPARG,ABCA1,0.82
PPARA,ACSL1,0.82
TLR4,XDH,0.82
IGF2BP1,MAPK4,0.82
CCND1,TCF7L2,0.82
SLC30A1,SLC39A10,0.82
CDC123,JAZF1,0.82
IL1B,ESR1,0.82
NDUFA4,MT-ND6,0.819
LEPR,IRS2,0.819
INS,IL10,0.819
KL,GALNT3,0.819
ACVR2A,FST,0.818
PNPLA3,SREBF1,0.818
NCOR2,MYC,0.818
HTT,MTOR,0.818
MYOZ2,ACTN1,0.818
PDGFC,IGF1R,0.817
PCGF3,KDM2B,0.817
DRD4,BDNF,0.817
DGKD,GPD2,0.817
ATP5F1E,NDUFA5,0.817
NDUFA8,ATP5MC1,0.817
HTT,PRKN,0.817
HHEX,TSPAN8,0.817
CTRB1,INS,0.817
L2HGDH,GAD1,0.817
CDKN1B,CDC25A,0.817
CFTR,SLC12A2,0.816
GPD2,DGKB,0.816
SMAD3,ETS1,0.816
NDUFAF3,TNFRSF11A,0.816
NPC1,ABCA1,0.816
PIK3R1,CTLA4,0.816
DRD4,DRD2,0.816
NDUFA4,TOMM7,0.815
NPC1L1,ABCA1,0.815
MEIS1,LMX1B,0.815
SLC2A2,KCNJ11,0.815
TLR4,DDX58,0.815
PTEN,BCL2,0.815
FGFR4,IRS1,0.815
ATP5MC1,NDUFAB1,0.814
NDUFA10,NDUFAF6,0.814
SLC30A8,FTO,0.814
PDE3A,GUCY1B1,0.813
HMGA2,LPP,0.813
PPP2R3A,LPP,0.813
NDUFA4,MT-ND4L,0.812
IRX3,FTO,0.812
TRAF3,MAP3K1,0.812
SCARB2,LPL,0.812
TLR4,IFIH1,0.811
APOE,HP,0.811
JAG1,RUNX3,0.811
CTBP1,HDAC9,0.811
PNLIP,AMY2A,0.811
TSPAN8,IGF2BP2,0.81
SI,SLC5A2,0.81
IL1B,CSF1,0.81
SREBF1,MYC,0.81
CTBP1,ZFPM1,0.81
ATP5F1E,NDUFA6,0.809
MED27,TAF8,0.809
IGF2BP1,FMR1,0.809
SLC2A2,ABCC8,0.809
IL1B,BCL2,0.808
SLC51B,NR1H4,0.808
NCOR2,NR1H4,0.808
TAF8,CCNH,0.808
PTPN22,TRAF3,0.808
IL13,ARG1,0.807
PTEN,ESR1,0.807
NCOR2,FOXP1,0.807
PTPN22,TNFAIP3,0.807
PCM1,BBIP1,0.806
HMGCR,ACE,0.806
IL13,TLR4,0.806
LEP,IL10,0.806
APOE,HMGCR,0.806
LEP,ESR1,0.806
PDCD4,PTEN,0.805
PDE3B,ADCY5,0.805
UMOD,HNF1B,0.805
ATP5F1E,NDUFB10,0.805
NDUFB5,NDUFA4L2,0.805
NEUROD1,NKX6-1,0.805
FXYD2,ATP4B,0.805
NDUFA7,NDUFA4L2,0.804
DGKB,PLCG2,0.804
MTNR1B,G6PC2,0.804
PCSK1,LEP,0.804
SMAD3,RBPJ,0.803
JAG1,MAML2,0.803
NOTCH2,HEY2,0.803
SLC2A2,PAX4,0.803
PDX1,HNF1B,0.803
TIGAR,HK1,0.803
IL1B,NOS2,0.803
PPARG,HTT,0.802
NDUFC2,NDUFAF3,0.802
NDUFA9,NDUFAF3,0.802
GIPR,TCF7L2,0.802
PDE1A,ADCY5,0.802
WIPI1,VMP1,0.802
CCND1,MTOR,0.802
NDUFS7,ATP5MC1,0.802
RIT2,BRAF,0.801
NKX6-1,RFX6,0.801
PCSK1,FTO,0.801
HDAC4,PPARG,0.8
ERAP1,IL23R,0.8
MTNR1B,CDKAL1,0.8
IL1B,ARG1,0.8
CFAP69,CFAP44,0.8
CELSR2,PCSK9,0.799
BCL2L11,ERN1,0.799
ATP5F1E,NDUFA13,0.799
BRAF,FBXW7,0.799
DCAF5,L3MBTL3,0.799
MAGI2,ADRB1,0.799
HHEX,KCNJ11,0.798
FGFR4,PIK3R1,0.798
EYA2,DACH1,0.798
CCDC92,ZNF664,0.798
PDE4B,ADCY5,0.797
APOE,SCARB2,0.797
ATP5F1E,NDUFS6,0.797
PRMT6,HMGA1,0.797
LIPC,APOA4,0.796
TNFAIP6,HAS2,0.796
CDKN1B,RBL2,0.796
SLC5A2,MGAM,0.796
LAMC1,ITGA1,0.796
SREBF1,IRS2,0.796
ANKH,ENPP1,0.795
PPP2R3A,PPP2R2C,0.795
IDE,ECE2,0.795
ATP5F1E,NDUFA7,0.795
NEUROG3,FOXA2,0.795
INS,GCGR,0.795
IGF2BP3,FTO,0.794
JAKMIP1,TYK2,0.794
NCAM1,SELL,0.794
NDUFS8,LGSN,0.794
PPARG,ESR1,0.794
GALNT10,C1GALT1,0.794
LPA,LPL,0.794
NDUFA4L2,NDUFA5,0.794
CTRB2,INS,0.793
G6PC2,ADCY5,0.793
BCL2,BDNF,0.793
LAMC1,COL18A1,0.793
ERBB4,PTEN,0.793
IRS1,PTEN,0.792
IL2RA,TYK2,0.792
SF3B4,LRMDA,0.792
PARD3B,GPSM1,0.792
ATP5F1E,NDUFA3,0.791
SI,GLP1R,0.79
KIF11,SLC30A8,0.79
GLP2R,DPP4,0.79
DRD2,BDNF,0.79
HUWE1,TOM1,0.79
FGFR4,FGFR3,0.79
PPARG,EBF2,0.79
NPC1,HMGCR,0.789
CCDC92,PSMD6,0.789
RBPJ,KDM5A,0.789
TAL1,ETS1,0.789
PTGS2,IL10,0.789
ADCY9,PDE4B,0.789
COMT,TH,0.789
NLGN1,MDGA2,0.788
ADCY1,PDE4B,0.788
ATP5F1E,NDUFV3,0.787
INS,FOXA2,0.787
SAG,AGTR1,0.787
NOTCH2,DLK1,0.787
PTGS2,TLR4,0.787
SOCS2,IGF1R,0.787
DTL,UHRF1,0.786
MC4R,INS,0.786
HNF4A,NR1H4,0.786
KDM2B,KDM5A,0.786
PSMA3,PRKN,0.786
EXOC6,VPS53,0.785
IRS1,BCL2,0.785
GLP1R,MGAM,0.785
DCAF5,ACTN1,0.784
IRX6,FTO,0.784
CNR1,BDNF,0.784
LEPR,IL10,0.784
CRTC1,MAML2,0.784
BCL2L11,BRAF,0.783
SIX3,FOXA2,0.783
COMT,DRD3,0.783
CDKAL1,ADAMTS9,0.783
LAMC1,COL27A1,0.783
PML,MYC,0.783
HSPA4,ERN1,0.783
SLC5A1,INS,0.783
IRS1,LEPR,0.782
MYC,PHGDH,0.782
SIRPA,CTLA4,0.782
IL1B,TNFAIP3,0.782
MYOZ2,TTN,0.782
CDKAL1,TSPAN8,0.782
B3GLCT,ADAMTS9,0.782
PLA2G6,PTGS1,0.782
CDKAL1,CDC123,0.782
LTK,PIK3R1,0.781
NDUFS2,NDUFAF6,0.781
GTF2I,MYC,0.781
GOPC,ADRB1,0.781
MTOR,PRKN,0.781
APOA4,LPL,0.781
BCL2,IGF1R,0.781
CALCR,NFATC1,0.781
ERBB4,BDNF,0.781
BCL2,ERN1,0.781
KCNJ11,IGF2BP2,0.78
INS,ARNTL,0.78
ALDH2,HMGA2,0.78
ACE,SLC5A2,0.78
JARID2,KDM2B,0.78
KDM4B,KDM2B,0.779
COL18A1,LAMA1,0.779
GRP,FOLH1,0.779
RBPJ,L3MBTL3,0.779
ATXN7,HTT,0.779
MT-ND3,NDUFAF6,0.779
ADCY1,PDE3A,0.779
CPEB3,FXR1,0.778
IL1B,MYC,0.778
TRAF3,TNFAIP3,0.777
HNF4A,PROX1,0.777
ADCY9,PDE3A,0.777
GNPDA2,FAIM2,0.777
APOE,TLR4,0.777
IL1B,HSPA4,0.776
DHTKD1,BCKDHB,0.776
SMAD3,FOXA2,0.775
ADCY9,ADCY1,0.775
MYC,EYA1,0.775
ERBB4,INS,0.774
INS,NR1H4,0.774
NEUROD1,RFX6,0.774
NDUFA4L2,NDUFA6,0.774
SIX3,GLI2,0.774
CGNL1,CYP19A1,0.774
CCND1,HNF4A,0.773
BRAF,CTLA4,0.773
PLA2G6,PTGS2,0.773
SLC39A10,SLC39A11,0.773
CDKN2B,IGF2BP2,0.773
PDE3B,ADCY1,0.773
SEC16B,FAIM2,0.773
NDUFB5,ATP5MC1,0.772
IL1B,REL,0.772
ATP5MC1,NDUFA13,0.772
PDE3B,GUCY1B1,0.772
KCNQ1,HHEX,0.772
ZC3H13,IGF2BP1,0.771
MRAS,RASGRP1,0.771
ADA,PKIG,0.771
ATP4A,ACE,0.771
ATP4B,ATP1A2,0.77
ADCY1,CAMK2B,0.77
ONECUT1,PROX1,0.77
ADRA1D,AGTR1,0.77
ATP5MC1,NDUFA11,0.77
ID4,TCF12,0.769
CDC123,NUDT5,0.769
IL12B,TYK2,0.769
PPP2R3A,PPP3CA,0.769
SHBG,CYP19A1,0.769
BAK1,ERN1,0.769
HEY2,MAML2,0.768
FTO,TCF7L2,0.768
SEC16B,NEGR1,0.768
MT-ND2,NDUFAF6,0.767
BDNF,NCAM1,0.767
NDUFB4,NDUFA4L2,0.767
SLCO6A1,MYC,0.766
MEF2C,TCF4,0.766
HDAC4,RUNX3,0.766
PAX4,ABCC8,0.766
SV2A,LAMA1,0.765
MTOR,BCL2,0.765
ARF5,CYTH1,0.765
KDM5A,NSD1,0.765
LAMC1,ITGA11,0.765
LDB2,LMX1B,0.764
PPARG,TCF4,0.764
RPTOR,INS,0.764
PRKN,TH,0.764
LEP,SHBG,0.763
SCARB2,PPARD,0.763
SIX3,LHX2,0.763
MTNR1B,SLC30A8,0.763
HEY2,MAML3,0.763
NDUFB9,EYA1,0.763
ANK1,MAML2,0.763
PDE1A,GUCY1B1,0.762
SLC5A1,DPP4,0.762
NEUROD1,HNF1B,0.762
CDKAL1,JAZF1,0.762
GCK,IRS2,0.762
SIX3,P2RY1,0.762
REL,NFATC1,0.762
LEP,FTO,0.761
MC4R,BDNF,0.761
NPC1L1,SREBF1,0.761
ADA,XDH,0.761
BCL2,BRAF,0.761
BRD3,MYC,0.761
HMGB1,HP,0.76
ATP5F1E,NDUFS5,0.759
GCK,HNF1B,0.759
FOLH1,DPP4,0.758
KCNK17,KCNK16,0.758
MT-ND6,NDUFAF6,0.758
ATP4B,LIPF,0.757
MT-ND4L,NDUFAF4,0.757
RARB,NCOR2,0.757
G6PC2,DGKB,0.757
NDUFS8,ATP5MC1,0.756
HMGA2,MYC,0.756
TSPAN8,SLC30A8,0.756
LIN7A,KCNJ12,0.756
NDUFAF2,MT-ND4L,0.756
KCNQ1,SLC30A8,0.755
SGIP1,NCALD,0.755
CDC25A,DTL,0.755
AKT2,ADCY5,0.755
CEP120,POC5,0.754
WT1,ZFPM2,0.754
ADCY1,PDE1A,0.754
TAL1,BCL11B,0.754
NOS2,TLR4,0.754
ABCA1,NR1H4,0.754
JAG1,MAML3,0.753
NEUROD1,GLIS3,0.752
TNFAIP6,IL1B,0.752
CCND1,BCL2L11,0.752
PCNT,HAUS6,0.752
PRKN,HK1,0.752
MYC,FOXP1,0.752
GLP1R,TCF7L2,0.752
CDKN2C,CDKN2B,0.751
SLC5A1,GLP1R,0.751
VPS33B,PRC1,0.751
IL1B,IL23R,0.751
NEUROG3,GLIS3,0.751
KCNJ11,CAPN10,0.75
ABCA1,SNTB1,0.75
CACNA1D,CAMK2B,0.75
HUWE1,SHOC2,0.75
INS,BDNF,0.75
CDKN1B,CCNH,0.75
ADRA1D,DTNA,0.749
KCNQ1,KCNJ11,0.749
WFS1,ABCC8,0.749
LAMC1,RMC1,0.749
SLC30A1,SLC39A11,0.749
MTNR1B,GCKR,0.749
CTBP1,TRPS1,0.748
PPARG,KCNJ11,0.748
SORT1,SORCS2,0.748
HHEX,TAL1,0.748
IL1B,PTGS1,0.748
TET2,SETBP1,0.748
HSPA4,MTOR,0.748
CDKN1B,BCL2L11,0.748
MBNL1,FMR1,0.747
DLK1,GRB10,0.747
CRTC1,MAML3,0.747
FGFR3,BDNF,0.747
ITGA1,ACTN1,0.747
GAD1,TH,0.746
ESR1,BRAF,0.746
NDUFA4L2,NDUFA13,0.746
CSF1,IGF1R,0.746
LIPC,ABCA1,0.746
CDKN2B,SMAD3,0.745
LRIG1,ERBB4,0.745
SGCG,DTNA,0.745
TSPAN8,FTO,0.745
MTNR1B,KCNJ11,0.745
TANK,TLR4,0.745
MRPL11,SRP54,0.745
MTOR,ESR1,0.745
PPARG,ACSL1,0.745
PTGS2,BCL2,0.745
NEUROG3,TCF4,0.744
REL,MYC,0.744
RPTOR,PTEN,0.744
INSR,LEP,0.744
ESR1,PIAS1,0.744
ESR1,NR1H4,0.744
TLR4,SELL,0.743
GCKR,DGKB,0.743
APOE,SORT1,0.743
CTLA4,SELL,0.743
ISL1,INS,0.743
HDAC4,BCORL1,0.743
IL1B,DDX58,0.743
GLP1R,GIPR,0.743
CAMK2B,CACNA2D3,0.742
CCND1,JAG1,0.742
NDUFAF2,NDUFS5,0.742
ABCA1,INS,0.742
IL10,SELL,0.741
NDUFA2,NDUFA4L2,0.741
MAD1L1,ANAPC4,0.741
CSF1,SIRPA,0.741
INS,AMY2A,0.741
APOE,PPARG,0.74
REL,ESR1,0.74
MTOR,IL10,0.74
KLB,NR1H4,0.74
PDE8B,ADCY5,0.74
NDUFAF3,MT-ND4L,0.74
LPA,ABCA1,0.74
QKI,BRAF,0.74
ATG16L1,TECPR1,0.74
KCNQ1,IGF2BP2,0.739
MRPL11,HDDC3,0.739
GCK,HNF4A,0.739
PPARG,TLR4,0.738
ADRA2A,ADCY5,0.738
MLXIPL,PPARA,0.738
LEPR,TYK2,0.738
NDUFAF6,NDUFB3,0.738
IL1B,PTEN,0.738
DDX20,FMR1,0.738
ADRB1,SAG,0.738
WFS1,CDKAL1,0.737
TRAF3IP2,TNFAIP3,0.737
IGF2BP2,TCF7L2,0.737
TCF12,MYC,0.737
GCK,RFX6,0.737
SNTB1,NOS1,0.737
SLC1A2,PAMR1,0.737
DNAJC10,MRPL11,0.737
HNF4A,PDX1,0.737
RBMS1,MYC,0.736
NDUFS8,NDUFA4L2,0.736
WT1,ESR1,0.736
GCK,ADCY5,0.736
HHEX,ONECUT1,0.735
PPARG,PTGS2,0.735
GCK,IRS1,0.735
ECE2,EDNRB,0.735
IL13,IFNLR1,0.735
IRS1,ERBB4,0.734
RBPJ,FBXW7,0.734
PPARG,LEPR,0.734
SCARB2,PCSK9,0.734
APOE,IL10,0.734
PPARG,IL10,0.733
RFX6,PAX4,0.733
IL13,CSF1,0.733
PTPN22,IL2RA,0.733
PPARG,HMGA1,0.733
GLP2R,SLC5A1,0.733
LEP,BDNF,0.732
DLK1,CDKN1C,0.732
AGMO,DGKB,0.732
PNPLA3,ACSL1,0.732
ASTN2,NLGN1,0.732
CDKN1B,IGF1R,0.732
MDM4,PTEN,0.732
NEUROG3,HNF1A,0.732
SREBF1,LPL,0.732
SSR1,SRP54,0.732
CDKAL1,ADCY5,0.731
SMAD3,GLI2,0.731
CACNA1D,KCNU1,0.731
PCGF3,FBRSL1,0.731
LEP,MTOR,0.731
TOMM7,NDUFB3,0.731
LEP,SLC2A2,0.73
MTOR,MYC,0.73
CSF1,FGFR3,0.73
IRS1,TBC1D4,0.73
MTNR1B,INS,0.73
NR2F1,ESR1,0.729
APOE,PCSK9,0.729
PDE4B,CAMK2B,0.729
SHBG,ESR1,0.729
MNT,MLXIPL,0.729
PTGS2,PPARA,0.729
GRB14,COBLL1,0.728
MYBL2,CDC25A,0.728
SI,PNLIP,0.728
CAMK2B,ADCY5,0.728
MDM4,BCL2,0.728
ANK1,ARAP1,0.727
ZC3H13,IGF2BP3,0.727
MLXIPL,NR1H4,0.727
KL,INS,0.726
SLC30A8,ABCC8,0.726
NDUFB7,NDUFA4L2,0.726
NDUFS3,NDUFA4L2,0.726
PPARG,IRS1,0.726
NDUFS3,SAMM50,0.726
INSR,BDNF,0.726
IL12B,IL10,0.725
WFS1,KCNJ11,0.725
KCNJ11,FTO,0.725
TH,INS,0.725
WRN,FANCL,0.724
TNFAIP6,PTGS2,0.724
ACE,XDH,0.724
MTNR1B,TCF7L2,0.724
ATP5MC1,NDUFV1,0.724
MLXIPL,INS,0.724
TLR4,BCL2,0.724
NPC1L1,PCSK9,0.723
ISL1,NR2F1,0.723
BRAF,MYC,0.722
CDC123,SLC30A8,0.722
PNLIP,MGAM,0.722
IFT52,DYNC2H1,0.722
ZC3H13,IGF2BP2,0.722
SCARB2,INS,0.722
PIP4K2A,PLCG2,0.722
RFX6,PDX1,0.722
SEC16B,FTO,0.721
APOE,SREBF1,0.721
INS,BCL2,0.721
PNPLA3,MLXIPL,0.721
CDC123,HHEX,0.72
CDC123,ADAMTS9,0.72
CEP120,CEP192,0.72
SCARB2,SREBF1,0.72
NDUFAF2,NDUFA4,0.72
CDC123,TSPAN8,0.72
AP3S2,SGIP1,0.72
USP44,NCOR2,0.72
ADRA2A,COMT,0.72
TFRC,NCAM1,0.72
ADCY9,CAMK2B,0.72
PTPRG,FHIT,0.72
IGF2BP1,FTO,0.72
G6PC2,SLC30A8,0.719
FGFR4,PDGFC,0.719
KIF3C,FMR1,0.719
ISL1,PDX1,0.719
PTGS1,PLA2G2F,0.719
HMGCR,LIPC,0.719
PCM1,HAUS6,0.719
MITF,BRAF,0.719
KLB,PPARA,0.718
PNPLA3,PPP1R3B,0.718
ITIH4,GP2,0.718
NOS2,IL10,0.718
BCL2,IL10,0.718
PTEN,IL10,0.717
SCARB2,NCAM1,0.717
HMGCR,INS,0.717
FXR1,QKI,0.717
ISL1,MEF2C,0.717
SCN5A,DMD,0.717
CCND1,AKT2,0.717
PNLIP,INS,0.717
SIX3,IRX6,0.716
HHEX,HNF1B,0.716
FXR1,NR1H4,0.716
CCND1,CCNH,0.716
PIK3R1,TYK2,0.716
PTGS2,MYC,0.715
SLC5A2,NR3C2,0.715
LGSN,NDUFV1,0.715
APOE,LEP,0.715
DNMT3A,JARID2,0.715
PPARD,INS,0.715
PPARG,PPARD,0.715
MEIS1,EYA1,0.715
HDAC4,HDAC9,0.715
SLC2A2,SLC30A8,0.714
IL1B,SELL,0.714
KCNQ1,TCF7L2,0.714
NEUROG3,HNF1B,0.714
TCF4,MYC,0.714
STRN,PPP2R3A,0.714
INS,MYC,0.714
APOE,FTO,0.713
PDE4B,AK4,0.713
INSR,SLC2A2,0.713
NDUFAF2,NDUFB1,0.713
TOX3,DENND1A,0.713
PPP2R2A,PPP4R3A,0.713
FFAR1,GLP1R,0.713
FADS2,PLA2G6,0.713
IL1B,SCARB2,0.712
CCND1,CYP19A1,0.712
DMD,ADRA1D,0.712
PTEN,MAP3K1,0.712
ENPP3,ADCY5,0.712
MYC,IGF1R,0.712
BCL2L11,RUNX3,0.712
CDKAL1,CDKN2B,0.712
NDUFS2,NDUFA4L2,0.711
WT1,CITED2,0.711
REL,NFATC2,0.711
PPARD,LEP,0.711
CCND1,RBPJ,0.711
IL1B,PPARA,0.711
DCSTAMP,CALCR,0.711
TLR4,INS,0.71
FGFR4,CSF1,0.71
PLA2G6,VPS13C,0.71
PCSK9,LPA,0.71
NDUFA1,NDUFA4L2,0.71
IL13,LEPR,0.71
MTNR1B,HHEX,0.709
PAX4,HNF1B,0.709
SPRY4,SPRED2,0.709
APOE,RELN,0.709
NDUFS4,NDUFA4L2,0.709
PPP3CA,PPP4R3A,0.709
CCND1,LTO1,0.709
GCKR,G6PC2,0.709
LEP,IL2RA,0.709
SMAD3,NCOR2,0.709
PTGS2,PLA2G2F,0.709
NDUFS6,NDUFAF6,0.709
DMD,SGCZ,0.708
FMR1,NLGN1,0.708
FGFR4,BDNF,0.708
RBL2,CDKN1C,0.708
KIF11,UHRF1,0.708
NDUFAF6,NDUFAB1,0.708
TSPAN15,PTGFRN,0.708
FGFR3,PDGFC,0.708
ADCY5,ENPP1,0.708
ONECUT1,RFX6,0.708
CCND1,DNMT3A,0.708
DRD4,TH,0.708
NFIB,HMGA2,0.707
AKAP6,ADCY5,0.707
CDKN1C,GRB10,0.707
SKI,NCOR2,0.706
ZBED3,ZFAND6,0.706
CDKAL1,HNF1B,0.706
CCND2,PTEN,0.706
BRD3,TAF8,0.706
IRS1,SREBF1,0.706
PRKN,BCL2,0.705
KCNH7,IFIH1,0.705
HMGB1,IL10,0.705
ITGA11,RELN,0.705
GCGR,ADCY5,0.705
NFATC1,MITF,0.704
ITGA11,ACTN1,0.704
KCNJ11,PDX1,0.704
PTGS2,XDH,0.704
WFS1,HHEX,0.704
TOMM7,NDUFA3,0.704
ITIH4,TLR4,0.704
SLC2A2,PDX1,0.704
NEUROD1,ABCC8,0.704
NDUFB7,ATP5MC1,0.703
PPP2R2A,AKT2,0.703
LIPF,ACSL1,0.703
FOXA2,TCF7L2,0.703
SHBG,NRXN3,0.703
CTBP1,HMG20A,0.703
IRS1,FGFR3,0.703
COL27A1,COL13A1,0.702
LEPR,FTO,0.702
GCK,INSR,0.702
MYBL2,CCND1,0.702
PNOC,PENK,0.702
IL10,NCAM1,0.702
FFAR1,PPARG,0.702
CDKN1B,BCL2,0.702
LIPC,ACSL1,0.702
PNPLA3,GCKR,0.701
CCND2,MYC,0.701
CSF1,ERBB4,0.701
CYP27B1,KL,0.701
DLK1,INS,0.701
RPTOR,ESR1,0.701
GCKR,TM6SF2,0.701
PSMA3,NDUFB5,0.701
ADH1B,GSTO1,0.701
DNAJC10,NDUFS8,0.701
INS,CTLA4,0.7
NDUFV2,NDUFAF6,0.7
RAMP1,CASR,0.7
ARID5B,PIP4K2A,0.7
PPARG,G6PC2,0.7
SIX3,IRX3,0.7
FST,SMAD3,0.7
ADCY9,ENPP1,0.7
PIK3C2B,PLCG2,0.7
